"Track URI","Track Name","Artist URI","Artist Name","Album URI","Album Name","Disc Number","Track Number","Track Duration (ms)","Added By","Added At"
"spotify:track:0eFvoRSTTaR2q8bSWVjwfp","Welcome To The Jungle","spotify:artist:3qm84nBOXUEQ2vnTfUTTFC","Guns N' Roses","spotify:album:4a92B7gXZWKJopxs6gWgqb","Greatest Hits","1","1","271866","spotify:user:sebastianelisapfeifer","2020-08-03T15:31:28Z"
"spotify:track:7CpbhqKUedOIrcvc94p60Y","Bodies","spotify:artist:1E4r4z7ivGUcSAnCbINJ9v","Drowning Pool","spotify:album:089oyV5caclve3ap934iRw","Sinner","1","2","201960","spotify:user:sebastianelisapfeifer","2020-08-03T15:31:51Z"
"spotify:track:6LYY1uIKNhs52KCmmBrLxD","Cradle To The Grave","spotify:artist:5t28BP42x2axFnqOOMg3CM","Five Finger Death Punch","spotify:album:3gKI4SILp3XmJYhXctK8Hj","The Wrong Side Of Heaven And The Righteous Side Of Hell (Volume 2)","1","5","198040","spotify:user:sebastianelisapfeifer","2020-08-03T15:31:56Z"
"spotify:track:2NImo2MajNai4CLk35wMut","This Means War","spotify:artist:0nmQIMXWTXfhgOBdNzhGOs","Avenged Sevenfold","spotify:album:0ks45m1bsP2JsZpM5D2FFA","Hail to the King","1","4","369293","spotify:user:sebastianelisapfeifer","2020-08-03T15:32:19Z"
"spotify:track:1fQaoh3imrMunWVZh5kf90","Shepherd of Fire","spotify:artist:0nmQIMXWTXfhgOBdNzhGOs","Avenged Sevenfold","spotify:album:0ks45m1bsP2JsZpM5D2FFA","Hail to the King","1","1","323800","spotify:user:sebastianelisapfeifer","2020-08-03T15:32:19Z"
"spotify:track:5vfjUAhefN7IjHbTvVCT4Z","Holiday","spotify:artist:7oPftvlwr6VrsViSDV7fJY","Green Day","spotify:album:1SPzhFzjXrz9OXLP2rKg1C","Holiday","1","1","233026","spotify:user:sebastianelisapfeifer","2020-08-03T15:32:55Z"
"spotify:track:7BxBHNoIqiybZHlbeqMmvP","Hard Rock Hallelujah","spotify:artist:14SgKNlOCKAI0PfRD1HnWh","Lordi","spotify:album:0kRrLnHNQdd6m9avrVAMmb","The Arockalypse","1","7","247546","spotify:user:sebastianelisapfeifer","2020-08-03T15:34:34Z"
"spotify:track:3fudNa8fr0Hk1cgKvz2FtZ","Carry On","spotify:artist:0nmQIMXWTXfhgOBdNzhGOs","Avenged Sevenfold","spotify:album:1cw8vqbfe9UetxpJmXNk5p","Black Reign","1","2","255066","spotify:user:sebastianelisapfeifer","2020-08-03T15:34:47Z"
"spotify:track:0ZeKQudydO2uQJpfr6gNC8","Tainted Love","spotify:artist:2VYQTNDsvvKN9wmU5W7xpj","Marilyn Manson","spotify:album:3KExM8E3KgpsS2bHVSJzTc","The Golden Age Of Grotesque","1","16","200426","spotify:user:sebastianelisapfeifer","2020-08-03T15:35:00Z"
"spotify:track:1ENLIbxO4Uma773neTHxbp","Sweet Dreams (Are Made Of This)","spotify:artist:2VYQTNDsvvKN9wmU5W7xpj","Marilyn Manson","spotify:album:1vGThvC8bRibMpcVWM3Yu0","Smells Like Children","1","6","293293","spotify:user:sebastianelisapfeifer","2020-08-03T15:35:02Z"
"spotify:track:3ippPIOVRBXPpNAa91CxLW","Diggy Diggy Hole","spotify:artist:67ps5pbKVO7V9Fcb4lTIXz","Wind Rose","spotify:album:0d7rBkguf5Y6NsGOOp1DVe","Diggy Diggy Hole","1","1","315986","spotify:user:sebastianelisapfeifer","2020-08-03T15:35:28Z"
"spotify:track:6eo9eK6OAoytLMfgHV0Bvs","Walking on Glass","spotify:artist:0hGpZy6ws8FofByMkt0CV1","Pain","spotify:album:35LBELudi4TfqIvvJMOp4A","Psalms of Extinction","1","10","231933","spotify:user:sebastianelisapfeifer","2020-08-03T15:35:33Z"
"spotify:track:4TmGtGkkmaoXRCvpOwDJoO","It's My Life","spotify:artist:58lV9VcRSjABbAbfWS6skp","Bon Jovi","spotify:album:0Bkb9wdEeOPBJnLYmQqVR2","Bon Jovi Greatest Hits - The Ultimate Collection (Int'l Deluxe Package)","1","3","224600","spotify:user:sebastianelisapfeifer","2020-08-03T15:35:39Z"
"spotify:track:5anCkDvJ17aznvK5TED5uo","Hail to the King","spotify:artist:0nmQIMXWTXfhgOBdNzhGOs","Avenged Sevenfold","spotify:album:0ks45m1bsP2JsZpM5D2FFA","Hail to the King","1","2","305906","spotify:user:sebastianelisapfeifer","2020-08-03T15:35:58Z"
"spotify:track:3kS2bx6TkbG64bUP68KvbP","Shut Your Mouth","spotify:artist:0hGpZy6ws8FofByMkt0CV1","Pain","spotify:album:0PWmjgj2rp2UD9P0QIyC4S","Nothing Remains The Same","1","2","192986","spotify:user:sebastianelisapfeifer","2020-08-03T15:36:11Z"
"spotify:track:78lgmZwycJ3nzsdgmPPGNx","Immigrant Song - Remaster","spotify:artist:36QJpDe2go2KgaRleHCDTp","Led Zeppelin","spotify:album:6P5QHz4XtxOmS5EuiGIPut","Led Zeppelin III (Remaster)","1","1","146250","spotify:user:sebastianelisapfeifer","2020-08-03T15:37:19Z"
"spotify:track:4juq76lIar8YWOLpYMXUAG","Joker And The Thief","spotify:artist:3yEnArbNHyTCwMRvD9SBy4","Wolfmother","spotify:album:0jjNb79VYqLY21IjyWKsWe","Wolfmother","1","6","280466","spotify:user:sebastianelisapfeifer","2020-08-03T15:37:29Z"
"spotify:track:5awDvzxWfd53SSrsRZ8pXO","Du hast","spotify:artist:6wWVKhxIU2cEi0K81v7HvP","Rammstein","spotify:album:2w6Vy8qZLU4niyQAHyu0Ag","Sehnsucht","1","5","234226","spotify:user:sebastianelisapfeifer","2020-08-03T15:37:41Z"
"spotify:track:3bczGIdbDAzNpQyi4N1RUX","Putting Holes In Happiness","spotify:artist:2VYQTNDsvvKN9wmU5W7xpj","Marilyn Manson","spotify:album:2NVW8tovsI9QzJVmIaOKbH","EAT ME, DRINK ME (International Version)","1","2","271253","spotify:user:sebastianelisapfeifer","2020-08-03T15:38:11Z"
"spotify:track:2JS1iE5A5RHvUPH5Zl9jlF","Run to the Hills - 1998 Remastered Version","spotify:artist:6mdiAmATAx73kdxrNrnlao","Iron Maiden","spotify:album:6q5MEna6Fg46powSoeZJe3","The Number Of The Beast (1998 Remastered Edition)","1","6","233960","spotify:user:sebastianelisapfeifer","2020-08-03T15:39:15Z"
"spotify:track:5MMnwYs0hIxkENRsbkWJ2G","Smoke On The Water - Remastered 2012","spotify:artist:568ZhdwyaiCyOGJRtNYhWf","Deep Purple","spotify:album:32NQ56VZDTXSH3SMv4XSGN","Machine Head (Remastered)","1","5","340742","spotify:user:sebastianelisapfeifer","2020-08-03T15:39:19Z"
"spotify:track:5FNRqWozBtzZP0wLwy2wcz","Dreamstealers","spotify:artist:5o091S7arpMWByV0Yu30r0","Eyes Of The Nightmare Jungle","spotify:album:6mA3ZbU24FVwWldzhn301O","Shadow Dance - The Best Of","1","5","267813","spotify:user:sebastianelisapfeifer","2020-08-03T15:40:43Z"
"spotify:track:0Y3uvjA2ssDylY2h5oiB7T","Personal Jesus","spotify:artist:2VYQTNDsvvKN9wmU5W7xpj","Marilyn Manson","spotify:album:7fmOTYDQn9DIXCy1YDrl4S","Lest We Forget - The Best Of","1","2","246666","spotify:user:sebastianelisapfeifer","2020-08-03T15:40:57Z"
"spotify:track:73K6zpCPIJehjsWOsocZQk","Twilight Tavern","spotify:artist:0krXCIkthz13P8o0v2tksH","Ensiferum","spotify:album:2TUPtzvKFNEzdtRKUUvIZN","Two Decades Of Greatest Sword Hits","1","8","337866","spotify:user:sebastianelisapfeifer","2020-08-03T15:42:02Z"
"spotify:track:71lIvK3ydXu0C5ItgSxRdh","Heathen Horde","spotify:artist:0krXCIkthz13P8o0v2tksH","Ensiferum","spotify:album:5Gifsqd4VLBFcV8E4RoJHl","One Man Army","1","3","252686","spotify:user:sebastianelisapfeifer","2020-08-03T15:42:06Z"
"spotify:track:7kMZGMJlckd50Mhfaq7gVD","Be Quick Or Be Dead - 1998 Remastered Version","spotify:artist:6mdiAmATAx73kdxrNrnlao","Iron Maiden","spotify:album:6NWFRuPH02C5mBf909pQ26","Fear Of The Dark (1998 Remastered Edition)","1","1","204360","spotify:user:sebastianelisapfeifer","2020-08-03T15:42:11Z"
"spotify:track:59WN2psjkt1tyaxjspN8fp","Killing In The Name","spotify:artist:2d0hyoQ5ynDBnkvAbJKORj","Rage Against The Machine","spotify:album:4Io5vWtmV1rFj4yirKb4y4","Rage Against The Machine - XX (20th Anniversary Special Edition)","1","2","313573","spotify:user:sebastianelisapfeifer","2020-08-03T15:44:19Z"
"spotify:track:6RJdYpFQwLyNfDc5FbjkgV","Stricken","spotify:artist:3TOqt5oJwL9BE2NG9MEwDa","Disturbed","spotify:album:0Te7OvzuUMnbsqCneIDUm6","Ten Thousand Fists","1","5","245226","spotify:user:sebastianelisapfeifer","2020-08-03T15:44:37Z"
"spotify:track:0mzqrv0bY7d5ECDfsRMUpf","The Press Corpse","spotify:artist:30sqtiTKIb1oDve0SdYayT","Anti-Flag","spotify:album:3B3gJszXnaDZMz8YVRZ1J2","For Blood And Empire","1","2","200440","spotify:user:sebastianelisapfeifer","2020-08-03T15:44:41Z"
"spotify:track:71dRBSmaKMdaFZPeZlVzf5","You","spotify:artist:2yJwXpWAQOOl5XFzbCxLs9","Bad Religion","spotify:album:3efgo1fUo21py17Z7jGsle","No Control","1","10","126520","spotify:user:sebastianelisapfeifer","2020-08-03T15:44:49Z"
"spotify:track:1wsRitfRRtWyEapl0q22o8","Guerrilla Radio","spotify:artist:2d0hyoQ5ynDBnkvAbJKORj","Rage Against The Machine","spotify:album:2eia0myWFgoHuttJytCxgX","The Battle Of Los Angeles","1","2","206200","spotify:user:sebastianelisapfeifer","2020-08-03T15:44:56Z"
"spotify:track:027h5P3kCyktHv9dpHUBBS","Why Don't You Get A Job","spotify:artist:5LfGQac0EIXyAN8aUwmNAQ","The Offspring","spotify:album:5Jf9wK4k3A1rdH8YSBQg0J","Americana","1","11","172466","spotify:user:sebastianelisapfeifer","2020-08-03T15:45:14Z"
"spotify:track:74Zp9QiDrFZpBV949AMbUs","Dammit","spotify:artist:6FBDaR13swtiWwGhX1WQsP","blink-182","spotify:album:5IlIcdN5FKmqkhZcWNAqoW","Dude Ranch","1","3","165373","spotify:user:sebastianelisapfeifer","2020-08-03T15:45:17Z"
"spotify:track:0f9h8awV1X4jSllHXXYdfX","Sharp Dressed Man","spotify:artist:2AM4ilv6UzW0uMRuqKtDgN","ZZ Top","spotify:album:20ZZfEgbODMenFN8EKlVFh","ZZ Top's Greatest Hits","1","2","251946","spotify:user:sebastianelisapfeifer","2020-08-03T15:45:29Z"
"spotify:track:5H0buOvucTuvEvrJFxtftl","Brown Sugar","spotify:artist:2AM4ilv6UzW0uMRuqKtDgN","ZZ Top","spotify:album:6ti1HC6R2Op1enYiuCDf6k","Rancho Texicano: The Very Best of ZZ Top","1","1","321800","spotify:user:sebastianelisapfeifer","2020-08-03T15:45:44Z"
"spotify:track:3MXA2BkBk0lSuMpRoM7SK2","The Trooper - 1998 Remastered Version","spotify:artist:6mdiAmATAx73kdxrNrnlao","Iron Maiden","spotify:album:1CmH2OG9IxRZTtmMXFlVoh","Piece of Mind (1998 Remastered Version)","1","5","250946","spotify:user:sebastianelisapfeifer","2020-08-03T15:46:02Z"
"spotify:track:2RaA6kIcvomt77qlIgGhCT","Breaking the Law","spotify:artist:2tRsMl4eGxwoNabM08Dm4I","Judas Priest","spotify:album:5bqtZRbUZUxUps8mrO9tGY","British Steel","1","3","153840","spotify:user:sebastianelisapfeifer","2020-08-03T15:46:06Z"
"spotify:track:0spU8cIE8h5IM3wl9FT5YR","Black Friday Rule","spotify:artist:5kQGFREO5FzMBMsAO3cEtj","Flogging Molly","spotify:album:17DfzMvhWL7EjCdqWpqj9P","Swagger","1","8","421106","spotify:user:sebastianelisapfeifer","2020-08-03T15:46:40Z"
"spotify:track:2DPrCpQlpwWGJSPJJtLTyY","Devil's Dance Floor","spotify:artist:5kQGFREO5FzMBMsAO3cEtj","Flogging Molly","spotify:album:17DfzMvhWL7EjCdqWpqj9P","Swagger","1","10","239653","spotify:user:sebastianelisapfeifer","2020-08-03T15:46:40Z"
"spotify:track:2XjUCQdBm6AzlDSLCKj7V6","The State of Massachusetts","spotify:artist:7w9jdhcgHNdiPeNPUoFSlx","Dropkick Murphys","spotify:album:0woGEtg6EaW4YpDz2Dv235","The Meanest of Times","1","3","234960","spotify:user:sebastianelisapfeifer","2020-08-03T15:46:40Z"
"spotify:track:4jDWgxcreqJIFes5Hd5Ln7","Flannigan's Ball","spotify:artist:7w9jdhcgHNdiPeNPUoFSlx","Dropkick Murphys","spotify:album:0woGEtg6EaW4YpDz2Dv235","The Meanest of Times","1","8","219280","spotify:user:sebastianelisapfeifer","2020-08-03T15:46:40Z"
"spotify:track:3Co33SF1EOVjhCF58GCq2X","Fairmount Hill","spotify:artist:7w9jdhcgHNdiPeNPUoFSlx","Dropkick Murphys","spotify:album:0woGEtg6EaW4YpDz2Dv235","The Meanest of Times","1","10","238400","spotify:user:sebastianelisapfeifer","2020-08-03T15:46:40Z"
"spotify:track:6PVMOFV7IjuP7LxulzSA43","Self Esteem","spotify:artist:5LfGQac0EIXyAN8aUwmNAQ","The Offspring","spotify:album:5SLfrjQtPxbh5Cf1dukV7g","Smash","1","8","257826","spotify:user:sebastianelisapfeifer","2020-08-03T15:46:45Z"
"spotify:track:0mLS3gBv6Wzv0q6zLcmLD8","Red Flag","spotify:artist:08yf5A2nS4XEeNvabDXqyg","Billy Talent","spotify:album:5toyHAFUN46WoyMUYcB5b1","Billy Talent II","1","2","196840","spotify:user:sebastianelisapfeifer","2020-08-03T15:46:49Z"
"spotify:track:6Wze1mFZVcT3fj8hTKnBSz","I'm Shipping Up To Boston","spotify:artist:7w9jdhcgHNdiPeNPUoFSlx","Dropkick Murphys","spotify:album:0qb9KGaUaaYoqclHvquO65","The Departed (Music from the Motion Picture)","1","7","154120","spotify:user:sebastianelisapfeifer","2020-08-03T15:46:53Z"
"spotify:track:4WwWjFCyvUY2fcx8OULByB","In a Darkened Room","spotify:artist:4opTS86dN9uO313J9CE8xg","Skid Row","spotify:album:0AiXcZbksZoX2pSe2384Z3","Slave to the Grind","1","9","235066","spotify:user:sebastianelisapfeifer","2020-08-03T15:47:04Z"
"spotify:track:21cp8L9Pei4AgysZVihjSv","Child in Time","spotify:artist:568ZhdwyaiCyOGJRtNYhWf","Deep Purple","spotify:album:2jm9Vixt3Nn2oE4VtOVUD8","Deepest Purple: The Very Best of Deep Purple","1","5","619266","spotify:user:sebastianelisapfeifer","2020-08-03T15:47:08Z"
"spotify:track:3BWWSa0UDSVP6Z9uRrT175","Land Of Confusion","spotify:artist:3TOqt5oJwL9BE2NG9MEwDa","Disturbed","spotify:album:6uk3P8Y3DuoUlQEiWvhrh8","Ten Thousand Fists","1","11","286859","spotify:user:sebastianelisapfeifer","2020-08-03T15:47:11Z"
"spotify:track:4V05j7HDUU2bZQwDOeIySh","Last Resort","spotify:artist:4RddZ3iHvSpGV4dvATac9X","Papa Roach","spotify:album:03n4EmWNweUARTWYtmlPqt","To Be Loved: The Best Of Papa Roach (Explicit Version)","1","2","200480","spotify:user:sebastianelisapfeifer","2020-08-03T15:47:14Z"
"spotify:track:4ImIJRZNJhNQLLdUFSYJoS","Down with the Sickness","spotify:artist:3TOqt5oJwL9BE2NG9MEwDa","Disturbed","spotify:album:07w0hGS9XUdFsPBvDHy16y","The Sickness (10th Anniversary Edition)","1","4","278706","spotify:user:sebastianelisapfeifer","2020-08-03T15:47:19Z"
"spotify:track:3qriuhIxVQXmdHRIIzP4Fe","American Jesus","spotify:artist:2yJwXpWAQOOl5XFzbCxLs9","Bad Religion","spotify:album:6AXQoe0HIyZJ4TLlAmwG6d","Recipe For Hate","1","3","197533","spotify:user:sebastianelisapfeifer","2020-08-03T15:47:28Z"
"spotify:track:5E4MtBoFdkuNTEqYC23TSH","I Want to Conquer the World","spotify:artist:2yJwXpWAQOOl5XFzbCxLs9","Bad Religion","spotify:album:5hosHbfLPbpvCUSS29fFfF","No Control (Re-Issue)","1","6","137773","spotify:user:sebastianelisapfeifer","2020-08-03T15:47:31Z"
"spotify:track:6Z435tBPT5JamUR9dN7y8y","The Temple Of The King","spotify:artist:6SLAMfhOi7UJI0fMztaK0m","Rainbow","spotify:album:0RsJGRspEXnzwNMBAdrV3u","Ritchie Blackmore's Rainbow (Remastered)","1","6","282013","spotify:user:sebastianelisapfeifer","2020-08-04T11:13:29Z"
"spotify:track:0nLiqZ6A27jJri2VCalIUs","Nothing Else Matters","spotify:artist:2ye2Wgw4gimLv2eAKyk1NB","Metallica","spotify:album:2Kh43m04B1UkVcpcRa1Zug","Metallica","1","8","388266","spotify:user:sebastianelisapfeifer","2020-08-14T19:45:13Z"
"spotify:track:5yAu4njFSdM47dfsTkQPZ2","Runnin' Down A Dream","spotify:artist:2UZMlIwnkgAEDBsw1Rejkn","Tom Petty","spotify:album:32OhZ2CWxc259H9w52JMTH","The Best Of Everything - The Definitive Career Spanning Hits Collection 1976-2016","2","8","261813","spotify:user:sebastianelisapfeifer","2020-08-28T18:22:34Z"
"spotify:track:34x6hEJgGAOQvmlMql5Ige","Danger Zone - From ""Top Gun"" Original Soundtrack","spotify:artist:3Y3xIwWyq5wnNHPp5gPjOW","Kenny Loggins","spotify:album:3uN87hwClF0hult2cxMbAW","Yesterday, Today, Tomorrow - The Greatest Hits Of Kenny Loggins","1","5","215133","spotify:user:sebastianelisapfeifer","2020-08-28T18:22:42Z"
"spotify:track:4aWn4NHlELpOehxsBaQeoe","Don't You (Forget About Me)","spotify:artist:6hN9F0iuULZYWXppob22Aj","Simple Minds","spotify:album:2H2eNZClayR5jbgBa2iZx1","Once Upon A Time (Deluxe)","2","1","263040","spotify:user:sebastianelisapfeifer","2020-08-28T18:22:54Z"
"spotify:local:Julian+W.:42:Der+Protest+Song:198","Der Protest Song","","Julian W.","null","42","0","0","198000","spotify:user:sebastianelisapfeifer","2020-08-28T18:23:03Z"
"spotify:local:Der+wahre+Heino:Deutschland:Deutschland:156","Deutschland","","Der wahre Heino","null","Deutschland","0","0","156000","spotify:user:sebastianelisapfeifer","2020-08-28T18:23:14Z"
"spotify:track:1wlIrVDApzW8Z5e9GK6Fub","Bad Company","spotify:artist:5t28BP42x2axFnqOOMg3CM","Five Finger Death Punch","spotify:album:6vMTdFzBPjyrBSFkCvjUh3","The Wrong Side Of Heaven And The Righteous Side Of Hell, Volume 1","2","7","297062","spotify:user:sebastianelisapfeifer","2020-08-28T18:23:23Z"
"spotify:track:2fdfsGuqb6SBX5ocoBWHUd","The One I Love - Remastered","spotify:artist:4KWTAlx2RvbpseOGMEmROg","R.E.M.","spotify:album:65kIVEdb93smbnC7k4aie7","Document - 25th Anniversary Edition","1","7","197800","spotify:user:sebastianelisapfeifer","2020-08-28T18:24:14Z"
"spotify:track:74EV0g12ihUoOUXMprFpZB","Losing My Religion","spotify:artist:4KWTAlx2RvbpseOGMEmROg","R.E.M.","spotify:album:4v5hSLj6ClyLqj2nnaPbfD","Out Of Time (U.S. Version)","1","2","267733","spotify:user:sebastianelisapfeifer","2020-08-28T18:24:23Z"
"spotify:track:2zSHYr17CBX8Ek6dLSc7Wt","Temple of the King - Live","spotify:artist:7yMqxge3rOuzpKVIoSQToG","Ritchie Blackmore's Rainbow","spotify:album:2Ky7JjaPH6YFCGU8u1yae7","Black Masquerade","1","10","364573","spotify:user:sebastianelisapfeifer","2020-08-30T02:02:18Z"
"spotify:track:6dAuTQZdjrg8b0wbfUDHB6","Bella Ciao - Live","spotify:artist:1ePGBuJM1znQUYt4qpgUdW, spotify:artist:119CgQj02xyMpOobWjdb3C, spotify:artist:75IzrAPplzxRVxhPYQL4D0","Hannes Wader, Reinhard Mey, Konstantin Wecker","spotify:album:3G8LN9RbqTc1nWrELTayk6","Mey Wader Wecker - Das Konzert","1","25","247280","spotify:user:sebastianelisapfeifer","2020-08-30T02:02:27Z"
"spotify:track:3s9QsxxTlcWcga9agSARTV","Sultans Of Swing - Live At Hammersmith Odeon, London/1983","spotify:artist:0WwSkZ7LtFUFjGjMZBMt6T","Dire Straits","spotify:album:7JLiApdEm6DhYEdK3cop0v","Alchemy: Dire Straits Live","1","6","654306","spotify:user:sebastianelisapfeifer","2020-08-30T02:02:40Z"
"spotify:track:37Tmv4NnfQeb0ZgUC4fOJj","Sultans Of Swing","spotify:artist:0WwSkZ7LtFUFjGjMZBMt6T","Dire Straits","spotify:album:2rCS6Xwx32V27pvgFzLzlT","Dire Straits","1","6","348400","spotify:user:sebastianelisapfeifer","2020-08-30T02:03:29Z"
"spotify:track:5rCRihuUjsPrWZMGdJTrVZ","An Alternative To Freedom","spotify:artist:3HVmba1wHgrLVsVC5IIzkG","Witchcraft","spotify:album:4daEaehdEdPjPE0nErHB5F","Legend","1","4","317600","spotify:user:sebastianelisapfeifer","2020-09-02T05:10:39Z"
"spotify:track:6lXKNdOsnaLv9LwulZbxNl","Major Tom","spotify:artist:7ip3CWlgPZbQHvgJpmcGSS","Peter Schilling","spotify:album:1rYXSHYaxxQ9HclnAeVhxv","Von Anfang An...Bis Jetzt !","1","1","299560","spotify:user:sebastianelisapfeifer","2020-09-07T22:24:17Z"
"spotify:track:1WmBU9RlayxcOmOGON9aqO","Neandertal","spotify:artist:5PHsYIMFyXJsaxa4HjGM4k","EAV (Erste Allgemeine Verunsicherung)","spotify:album:7x9xID7jaslRHibBpXAp4S","100 Jahre EAV","2","15","203506","spotify:user:sebastianelisapfeifer","2020-09-07T22:26:28Z"
"spotify:track:3wANqVO0hI8k4O2PDUlGWi","Deine Schuld","spotify:artist:0cbL6CYnRqpAxf1evwUVQD","Die Ärzte","spotify:album:34FD6no18r9FoNymPUt7Bb","Bäst Of","1","24","217613","spotify:user:sebastianelisapfeifer","2020-09-07T22:26:50Z"
"spotify:track:13VdKqBE8m6EGFr5BHMLTX","Welcome To The Occupation - Remastered","spotify:artist:4KWTAlx2RvbpseOGMEmROg","R.E.M.","spotify:album:65kIVEdb93smbnC7k4aie7","Document - 25th Anniversary Edition","1","2","168746","spotify:user:sebastianelisapfeifer","2020-09-07T22:27:04Z"
"spotify:track:4P4PHxZQ1FcwQKKnfEPsAZ","Schrei nach Liebe","spotify:artist:0cbL6CYnRqpAxf1evwUVQD","Die Ärzte","spotify:album:45k6PgHs2LwTtoEGhpxUC7","Die Bestie in Menschengestalt","1","2","252600","spotify:user:sebastianelisapfeifer","2020-09-07T22:27:15Z"
"spotify:track:10waMsh44ojvTwXAIy213n","Junge","spotify:artist:0cbL6CYnRqpAxf1evwUVQD","Die Ärzte","spotify:album:1HQA2K7qAYBeuBNgJctO1K","Jazz ist anders","1","6","187533","spotify:user:sebastianelisapfeifer","2020-09-07T22:27:27Z"
"spotify:track:21TzvRORDFMAxLScMKDu2e","First and Last and Always","spotify:artist:4HxBVyHaUa60eCSsJWxwWR","Sisters of Mercy","spotify:album:2wOuYERNvxVipFb2JlwvwA","First and Last and Always","1","6","255226","spotify:user:sebastianelisapfeifer","2020-09-07T22:37:42Z"
"spotify:track:1Z1pFCLtQof3Qlq1ApMAQc","Boy Sinister","spotify:artist:0nGkRbjHNrPwbjseJ2pckm","The Merry Thoughts","spotify:album:7nOefMeAUUBtNmJ6ocvFaq","Second Generation","1","4","210837","spotify:user:sebastianelisapfeifer","2020-09-07T22:37:49Z"
"spotify:track:53O11dqezFoFYaaMjr1SPP","Temple of Love - 1992","spotify:artist:4HxBVyHaUa60eCSsJWxwWR","Sisters of Mercy","spotify:album:5fdbQYbqTnCLNTibBdoerT","Some Girls Wander by Mistake","1","20","488011","spotify:user:sebastianelisapfeifer","2020-09-07T22:37:55Z"
"spotify:track:705Y4tFsLwkcoGAapOeQCx","Shadow Dance - 12"" Version","spotify:artist:5o091S7arpMWByV0Yu30r0","Eyes Of The Nightmare Jungle","spotify:album:1zp74KK7mXsm41F11GOmUN","Fate","1","8","352200","spotify:user:sebastianelisapfeifer","2020-09-07T22:38:06Z"
"spotify:track:1xDYdcZliVU2UA225POWpw","Rain","spotify:artist:0DLfONSFG8AA0cQvh1yCrz","Project Pitchfork","spotify:album:7pwGzC514Pohr45X9ap1C9","Black","1","5","310694","spotify:user:sebastianelisapfeifer","2020-09-07T22:38:11Z"
"spotify:track:38wCbVfMreML5ZhF5iQuKA","Disorder - 2007 Remaster","spotify:artist:432R46LaYsJZV2Gmc4jUV5","Joy Division","spotify:album:0cbpcdI4UySacPh5RCpDfo","Unknown Pleasures","1","1","209039","spotify:user:sebastianelisapfeifer","2020-09-07T22:38:21Z"
"spotify:track:5ND2AEOcEZX4xD1w0Mgl5W","Holiday on the Moon","spotify:artist:09mvgMBvJkxarNIDGdwPWg","Love and Rockets","spotify:album:2XJblHmHQJiopDHW3aUaWg","Sorted! The Best Of","1","6","365706","spotify:user:sebastianelisapfeifer","2020-09-07T22:38:32Z"
"spotify:track:4QlzkaRHtU8gAdwqjWmO8n","Friday I'm In Love","spotify:artist:7bu3H8JO7d0UbMoVzbo70s","The Cure","spotify:album:0aEL0zQ4XLuxQP0j7sLlS1","Wish","1","7","215160","spotify:user:sebastianelisapfeifer","2020-09-08T18:03:01Z"
"spotify:track:7FtRUrOEDUHTvenvp1BqZo","Catch The Rainbow","spotify:artist:6SLAMfhOi7UJI0fMztaK0m","Rainbow","spotify:album:3LXOrVXLXwRiOguE446OZo","Ritchie Blackmore's Rainbow","1","4","396466","spotify:user:sebastianelisapfeifer","2020-09-12T23:18:23Z"
"spotify:track:2wJ2oinGR4C23su7ZeqVdT","Nine While Nine","spotify:artist:4HxBVyHaUa60eCSsJWxwWR","Sisters of Mercy","spotify:album:0m2z3FmoowUGY4Gwu9y7nh","First and Last and Always Collection","1","8","250466","spotify:user:sebastianelisapfeifer","2020-09-20T10:12:59Z"
"spotify:track:1KmeyQfVjX1odybN9aEfWt","Inis Mona","spotify:artist:5X0N2k3qMnI8kSrGJT3kfT","Eluveitie","spotify:album:4UEyHAjtjEs3JNjR4NyyMJ","Slania","1","3","249240","spotify:user:sebastianelisapfeifer","2020-09-20T13:56:58Z"
"spotify:track:1bx7OUl2UmAnA5oZkm9If7","Jerk It Out","spotify:artist:4rGrN4XDYhP6dUAZMvcuHr","Caesars","spotify:album:1D5ebxOCFrG8U6p98zZHCi","Jerk It Out","1","1","195666","spotify:user:sebastianelisapfeifer","2020-09-20T15:46:57Z"
"spotify:track:5x9RZg7HfXGY3JayXL3seF","Cats In The Cradle","spotify:artist:3XsgWn63EnA4wYZBjVyxjf","Ugly Kid Joe","spotify:album:0lQjdBr2n0WQg5sjGzLVfR","America's Least Wanted","1","9","241893","spotify:user:sebastianelisapfeifer","2020-09-24T20:00:43Z"
"spotify:track:4xfT6cr90fQu26YMYDdknY","Cat's in the Cradle (Acoustic)","spotify:artist:3XsgWn63EnA4wYZBjVyxjf","Ugly Kid Joe","spotify:album:5r428Zd8MJJsdP2ctbEKuC","Stairway to Hell","1","7","250693","spotify:user:sebastianelisapfeifer","2020-09-29T08:13:39Z"
"spotify:track:163Kb2pSLLduhfbO6Zn0sL","Inside Out","spotify:artist:5t28BP42x2axFnqOOMg3CM","Five Finger Death Punch","spotify:album:7vAcymF4feKxvqcUDzLQD2","F8","1","2","226348","spotify:user:sebastianelisapfeifer","2020-10-03T12:10:54Z"
"spotify:track:1UWGkn34CD31VQfdi4D8Zp","Bad Company","spotify:artist:5t28BP42x2axFnqOOMg3CM","Five Finger Death Punch","spotify:album:6UVYgnSnY4ytapGgBY4BzZ","War is the Answer","1","12","262440","spotify:user:sebastianelisapfeifer","2020-10-03T12:11:02Z"
"spotify:track:6CAvslNIfjK0RzKzRl9vGt","Bloodsucker","spotify:artist:7qhbjSjlmtdOCCwmYsqG62","Paralysed Age","spotify:album:6AjPr6xgV8VFyyqEiJXjy7","Empire Of Thevampire","1","1","290293","spotify:user:sebastianelisapfeifer","2020-10-08T20:31:44Z"
"spotify:track:5S3xzixfsrAoRt0wgW6xpB","Patricia In Pain","spotify:artist:7qhbjSjlmtdOCCwmYsqG62","Paralysed Age","spotify:album:1YkINDoBS3tcL9dYMtl1v3","Tragedia Nosferata","1","2","364653","spotify:user:sebastianelisapfeifer","2020-10-11T20:59:25Z"
"spotify:track:5XTdMVT5i5qcfyTXWxhxVZ","Ghost Song","spotify:artist:1QB4oo4JbSRdxNyidIuD0W, spotify:artist:22WZ7M8sxp5THdruNY3gXt","Jim Morrison, The Doors","spotify:album:7qj6lZyChZxDGAqzTArHHQ","An American Prayer","1","2","170666","spotify:user:sebastianelisapfeifer","2020-10-12T16:51:14Z"
"spotify:track:6PPPZzAk4Zv8y7sLa5B7i3","Which Side Are You On?","spotify:artist:7w9jdhcgHNdiPeNPUoFSlx","Dropkick Murphys","spotify:album:65eF0YOsmOoQGrPxz72ni0","Sing Loud, Sing Proud","1","3","148613","spotify:user:sebastianelisapfeifer","2020-10-15T19:56:29Z"
"spotify:track:2eBUoHvffUTAqC0c4YHyTu","Cold Hands","spotify:artist:35C0NSLogAwImm8HAMqEmG","Black Lips","spotify:album:5xyf2bbQjF0yONbosNl53M","Good Bad Not Evil","1","10","146106","spotify:user:sebastianelisapfeifer","2020-10-17T23:44:01Z"
"spotify:track:4S4xcB8VDzKnagGeIFagWi","Sovietoblaster","spotify:artist:4aY5KQo2g0QxZJA5djS0Jz","Rotfront","spotify:album:2oVzfysoRnBMnQxujXZxFh","Emigrantski Raggamuffin","1","4","189773","spotify:user:sebastianelisapfeifer","2020-10-18T21:18:51Z"
"spotify:track:3jjU4Pky1ja5J1onU6ei4T","The Vengeful One","spotify:artist:3TOqt5oJwL9BE2NG9MEwDa","Disturbed","spotify:album:1ROVEUk4lc2vD4a0IN1TWS","Immortalized (Deluxe Edition)","1","3","252002","spotify:user:sebastianelisapfeifer","2020-10-18T21:23:06Z"
"spotify:track:4sBlQ2yaxrj8zF7J8EE6cA","Angus McFife","spotify:artist:7dkEByOe0oHqc54qU4hwzV","Gloryhammer","spotify:album:4Sqr5rMrMnc0eN8uhJhWeX","Tales From The Kingdom Of Fife","1","3","208226","spotify:user:sebastianelisapfeifer","2020-10-18T21:23:41Z"
"spotify:track:20ZPFGWFDdCehIlCRBSene","Freedom","spotify:artist:3XquRQYlB1gXQkYdOV7S2x","Paddy And The Rats","spotify:album:6UrU8iv81fRiywK0IlVsQw","Rats On Board","1","4","224453","spotify:user:sebastianelisapfeifer","2020-10-23T05:58:45Z"
"spotify:track:5XeMsYb1rWxQL1bUUaZajn","Let Me Put My Love Into You","spotify:artist:711MCceyCBcFnzjGY4Q7Un","AC/DC","spotify:album:6mUdeDZCsExyJLMdAfDuwh","Back In Black","1","5","255266","spotify:user:sebastianelisapfeifer","2020-10-26T18:49:30Z"
"spotify:track:1hwJKpe0BPUsq6UUrwBWTw","Boulevard of Broken Dreams","spotify:artist:7oPftvlwr6VrsViSDV7fJY","Green Day","spotify:album:2sIWM1FzNqLCccNwXuC4SA","Boulevard of Broken Dreams","1","1","261266","spotify:user:sebastianelisapfeifer","2020-10-29T15:17:18Z"
"spotify:track:3gWnXbFHyTbjMINGNOxL74","Amber Blood","spotify:artist:3rtYN1gVYAhnNHZbWfqrns","Ocelon","spotify:album:2W0pPWUn8H8yq0SxjIWbXp","Of the Lost Heritage","1","3","258386","spotify:user:sebastianelisapfeifer","2020-10-29T21:12:44Z"
"spotify:track:5XVLGqaM99y7sVZ9GFtSgZ","The Moonhunter","spotify:artist:3rtYN1gVYAhnNHZbWfqrns","Ocelon","spotify:album:2W0pPWUn8H8yq0SxjIWbXp","Of the Lost Heritage","1","2","219560","spotify:user:sebastianelisapfeifer","2020-10-29T21:13:06Z"
"spotify:track:7hjdt10yz2cFOydiG7m7cf","Homeland","spotify:artist:3rtYN1gVYAhnNHZbWfqrns","Ocelon","spotify:album:2W0pPWUn8H8yq0SxjIWbXp","Of the Lost Heritage","1","4","269466","spotify:user:sebastianelisapfeifer","2020-10-29T21:13:29Z"
"spotify:track:5WSsTyBvMEFG3ac6JKb9gY","Wind of Change","spotify:artist:27T030eWyCQRmDyuvr1kxY","Scorpions","spotify:album:4vQ96yyyYbaeTQujH3iTtd","Comeblack","1","6","308866","spotify:user:sebastianelisapfeifer","2020-11-05T20:58:42Z"
"spotify:track:5Nzi044j5hKcDdL5U0kQCr","At the end of the rainbow","spotify:artist:4TqrV3zg5uDCFyknf56Al7, spotify:artist:0xR4JwdaF7TH4UbvFju6rJ","Lanzer, Rock Circus","spotify:album:59g2dAc9wAsXz0pT02sjRd","Greatest Rock Hits Live","1","3","242000","spotify:user:sebastianelisapfeifer","2020-11-08T22:05:19Z"
"spotify:track:5xoGGfMdsLZtW1om3p2Jdf","The Wasted","spotify:artist:68m4duH7rXYs4iN1N9Sas1","Graveyard Johnnys","spotify:album:413hoNaQlUjzWO9zGxWW8X","Welcome to the Folk-Punk Show","1","17","250560","spotify:user:sebastianelisapfeifer","2020-11-13T17:47:04Z"
