"Track URI","Track Name","Artist URI(s)","Artist Name(s)","Album URI","Album Name","Album Artist URI(s)","Album Artist Name(s)","Album Release Date","Album Image URL","Disc Number","Track Number","Track Duration (ms)","Track Preview URL","Explicit","Popularity","Added By","Added At"
"spotify:track:2zSHYr17CBX8Ek6dLSc7Wt","Temple of the King - Live","spotify:artist:7yMqxge3rOuzpKVIoSQToG","Ritchie Blackmore's Rainbow","spotify:album:2Ky7JjaPH6YFCGU8u1yae7","Black Masquerade","spotify:artist:7yMqxge3rOuzpKVIoSQToG","Ritchie Blackmore's Rainbow","2013-08-23","https://i.scdn.co/image/ab67616d0000b273edf00e135b6531dafc6b84e0","1","10","364573","","false","0","spotify:user:sebastianelisapfeifer","2020-06-28T00:34:14Z"
"spotify:track:6XXxkAAmnrc1LI0HMP4tOj","Jolene (Live Under Blackpool Lights)","spotify:artist:4F84IBURUo98rz4r61KF70","The White Stripes","spotify:album:4uptroCN0VrQnc4jB0V8BX","Jolene (Live Under Blackpool Lights)","spotify:artist:4F84IBURUo98rz4r61KF70","The White Stripes","2004-11-15","https://i.scdn.co/image/ab67616d0000b273180678aee4f77ee5df6744e3","1","1","198880","","false","0","spotify:user:sebastianelisapfeifer","2020-06-28T00:34:26Z"
"spotify:track:7rSyrNH6IWMsjx2AaIF5No","Mistreated - Live","spotify:artist:6SLAMfhOi7UJI0fMztaK0m","Rainbow","spotify:album:75loMVnT9nOnx7YniYmTo3","Live In Munich 1977 (Live From Munich Olympiahalle, Germany, October 20th/1977)","spotify:artist:6SLAMfhOi7UJI0fMztaK0m","Rainbow","2013-01-01","https://i.scdn.co/image/ab67616d0000b2737a6cb6411065597c6c90dd5f","1","3","706013","","false","0","spotify:user:sebastianelisapfeifer","2020-06-28T00:34:41Z"
"spotify:track:5UhIcPeLh8E8u4b4cpLJKh","Catch The Rainbow - Live","spotify:artist:6SLAMfhOi7UJI0fMztaK0m","Rainbow","spotify:album:75loMVnT9nOnx7YniYmTo3","Live In Munich 1977 (Live From Munich Olympiahalle, Germany, October 20th/1977)","spotify:artist:6SLAMfhOi7UJI0fMztaK0m","Rainbow","2013-01-01","https://i.scdn.co/image/ab67616d0000b2737a6cb6411065597c6c90dd5f","1","5","1095200","","false","0","spotify:user:sebastianelisapfeifer","2020-06-28T00:34:47Z"
"spotify:track:4eu8mVZODRF09VF3UJPeXi","Day of the Lords - Live","spotify:artist:432R46LaYsJZV2Gmc4jUV5","Joy Division","spotify:album:6NnLjK3TIAx58lkkfySfqn","Les Bains Douches 18 December 1979","spotify:artist:432R46LaYsJZV2Gmc4jUV5","Joy Division","2001","https://i.scdn.co/image/ab67616d0000b2735d8c08ecbc726c261b748c87","1","6","279506","https://p.scdn.co/mp3-preview/2802b8d5d73bbd7f4f3f89d84e837ee757b66157?cid=9950ac751e34487dbbe027c4fd7f8e99","false","14","spotify:user:sebastianelisapfeifer","2020-06-28T00:35:28Z"
"spotify:track:6dAuTQZdjrg8b0wbfUDHB6","Bella Ciao - Live","spotify:artist:1ePGBuJM1znQUYt4qpgUdW, spotify:artist:119CgQj02xyMpOobWjdb3C, spotify:artist:75IzrAPplzxRVxhPYQL4D0","Hannes Wader, Reinhard Mey, Konstantin Wecker","spotify:album:3G8LN9RbqTc1nWrELTayk6","Mey Wader Wecker - Das Konzert","spotify:artist:119CgQj02xyMpOobWjdb3C, spotify:artist:1ePGBuJM1znQUYt4qpgUdW, spotify:artist:75IzrAPplzxRVxhPYQL4D0","Reinhard Mey, Hannes Wader, Konstantin Wecker","2003-06-01","https://i.scdn.co/image/ab67616d0000b273de3d912e797918c483328a42","1","25","247280","https://p.scdn.co/mp3-preview/ee4321af9a6b85a6cef061e3a8ad8006b3824e47?cid=9950ac751e34487dbbe027c4fd7f8e99","false","43","spotify:user:sebastianelisapfeifer","2020-06-28T00:36:06Z"
"spotify:track:3s9QsxxTlcWcga9agSARTV","Sultans Of Swing - Live At Hammersmith Odeon, London/1983","spotify:artist:0WwSkZ7LtFUFjGjMZBMt6T","Dire Straits","spotify:album:7JLiApdEm6DhYEdK3cop0v","Alchemy: Dire Straits Live","spotify:artist:0WwSkZ7LtFUFjGjMZBMt6T","Dire Straits","1984-03-14","https://i.scdn.co/image/ab67616d0000b273e91a60ba9b9b1591b1e26eb6","1","6","654306","https://p.scdn.co/mp3-preview/0882fc623016eddb5c1f02d761e2a1aa91e61d3b?cid=9950ac751e34487dbbe027c4fd7f8e99","false","52","spotify:user:sebastianelisapfeifer","2020-06-28T00:36:25Z"
"spotify:track:7lBMLcpllbykwqBDIhUyZ3","The Sign of the Southern Cross / Heaven and Hell - Live; 2009 Remaster","spotify:artist:5M52tdBnJaKSvOpJGz8mfZ","Black Sabbath","spotify:album:1Uq7JKrKGGYCkg6l79gkoa","Live Evil","spotify:artist:5M52tdBnJaKSvOpJGz8mfZ","Black Sabbath","1982-12-01","https://i.scdn.co/image/ab67616d0000b2731d21d6c1740f63ed5c9519c8","1","11","436133","https://p.scdn.co/mp3-preview/599c2c21356e002a2a9bde58ad92a1ed19a7aa2f?cid=9950ac751e34487dbbe027c4fd7f8e99","false","21","spotify:user:sebastianelisapfeifer","2020-06-28T00:36:45Z"
"spotify:track:0Hw9tAZiwORSoR5Izifjuu","Paranoid - Live; 2009 Remaster","spotify:artist:5M52tdBnJaKSvOpJGz8mfZ","Black Sabbath","spotify:album:1Uq7JKrKGGYCkg6l79gkoa","Live Evil","spotify:artist:5M52tdBnJaKSvOpJGz8mfZ","Black Sabbath","1982-12-01","https://i.scdn.co/image/ab67616d0000b2731d21d6c1740f63ed5c9519c8","1","12","226946","https://p.scdn.co/mp3-preview/c2ae0ab6d3b783d21514ff319adfcbc1a8a3749b?cid=9950ac751e34487dbbe027c4fd7f8e99","false","20","spotify:user:sebastianelisapfeifer","2020-06-28T00:36:51Z"
"spotify:track:0iCRvSfjlymFB61DsEL4tk","Soldier of Fortune - Live","spotify:artist:3UbyYnvNIT5DFXU4WgiGpP","Whitesnake","spotify:album:4GmOs69DwCSmzmFU49xNk7","The Purple Tour","spotify:artist:3UbyYnvNIT5DFXU4WgiGpP","Whitesnake","2018-01-19","https://i.scdn.co/image/ab67616d0000b273b5a55f7953f2465d7a706226","1","9","227826","https://p.scdn.co/mp3-preview/7eec85db1550c4cf6856565dd9807b0bf954ef06?cid=9950ac751e34487dbbe027c4fd7f8e99","false","32","spotify:user:sebastianelisapfeifer","2020-06-28T00:37:15Z"
"spotify:track:2VrNWo7nsWOMwgPA5kGouU","Black Sabbath - Live; 2009 Remaster","spotify:artist:5M52tdBnJaKSvOpJGz8mfZ","Black Sabbath","spotify:album:1Uq7JKrKGGYCkg6l79gkoa","Live Evil","spotify:artist:5M52tdBnJaKSvOpJGz8mfZ","Black Sabbath","1982-12-01","https://i.scdn.co/image/ab67616d0000b2731d21d6c1740f63ed5c9519c8","1","6","518826","https://p.scdn.co/mp3-preview/6d8c5c21ba3549bf9a332ed68f508a91ad49d14c?cid=9950ac751e34487dbbe027c4fd7f8e99","false","21","spotify:user:sebastianelisapfeifer","2020-06-28T00:37:21Z"
"spotify:track:3Bpd5GJnxHi8i314cAku4X","Children of the Sea - Live; 2009 Remaster","spotify:artist:5M52tdBnJaKSvOpJGz8mfZ","Black Sabbath","spotify:album:1Uq7JKrKGGYCkg6l79gkoa","Live Evil","spotify:artist:5M52tdBnJaKSvOpJGz8mfZ","Black Sabbath","1982-12-01","https://i.scdn.co/image/ab67616d0000b2731d21d6c1740f63ed5c9519c8","1","4","373413","https://p.scdn.co/mp3-preview/eb32e4b72b8d8ee6a402242ae09a57b31ca3ec56?cid=9950ac751e34487dbbe027c4fd7f8e99","false","23","spotify:user:sebastianelisapfeifer","2020-06-28T00:37:27Z"
"spotify:track:5zCzkiBuv4AQ5MFL5c8GrN","Spancilhill","spotify:artist:3Ebn7mKYzD0L3DaUB1gNJZ","Christy Moore","spotify:album:2dPHQqJI79mQkXCgfBWAvA","Magic Nights","spotify:artist:3Ebn7mKYzD0L3DaUB1gNJZ","Christy Moore","2019-11-22","https://i.scdn.co/image/ab67616d0000b273f68de864d3942b1861029cfb","1","13","324240","https://p.scdn.co/mp3-preview/323a770b2bde84456b3d82fde03691a7b90bc80b?cid=9950ac751e34487dbbe027c4fd7f8e99","false","38","spotify:user:sebastianelisapfeifer","2020-06-28T00:38:21Z"
"spotify:track:6UFhNbE4sLRUoM52kC4Xl4","Wicked Game - Acoustic; Live","spotify:artist:49qiE8dj4JuNdpYGRPdKbF","Stone Sour","spotify:album:5eHk89PNorMd7e4wyxYiUV","Come What(ever) May [Special Edition]","spotify:artist:49qiE8dj4JuNdpYGRPdKbF","Stone Sour","2006-07-24","https://i.scdn.co/image/ab67616d0000b273e78ef6e896eded654f4e5a52","1","17","267253","https://p.scdn.co/mp3-preview/9f7a68a206203b553599e5e8ec8597e4d9872ea5?cid=9950ac751e34487dbbe027c4fd7f8e99","false","48","spotify:user:sebastianelisapfeifer","2020-06-28T00:38:38Z"
"spotify:track:5xFNCwWATujjsAyNFgffyW","Catch the Rainbow - Live","spotify:artist:7yMqxge3rOuzpKVIoSQToG","Ritchie Blackmore's Rainbow","spotify:album:3sxa7aRE05YhOmamC3gQrZ","Memories in Rock II (Live)","spotify:artist:7yMqxge3rOuzpKVIoSQToG","Ritchie Blackmore's Rainbow","2018-04-06","https://i.scdn.co/image/ab67616d0000b273e9836da53d947888af68d945","1","15","524898","https://p.scdn.co/mp3-preview/25ea29e2ae0620da9bf1acd74e9a7b7143ec9377?cid=9950ac751e34487dbbe027c4fd7f8e99","false","12","spotify:user:sebastianelisapfeifer","2020-06-28T00:38:58Z"
"spotify:track:7eU7UUXCywvgaOft5vzvS9","Temple of the King - Live","spotify:artist:7yMqxge3rOuzpKVIoSQToG","Ritchie Blackmore's Rainbow","spotify:album:3sxa7aRE05YhOmamC3gQrZ","Memories in Rock II (Live)","spotify:artist:7yMqxge3rOuzpKVIoSQToG","Ritchie Blackmore's Rainbow","2018-04-06","https://i.scdn.co/image/ab67616d0000b273e9836da53d947888af68d945","1","18","232317","https://p.scdn.co/mp3-preview/c13ed205203e44ece5f9dfbc24ff8cb1e03ce576?cid=9950ac751e34487dbbe027c4fd7f8e99","false","16","spotify:user:sebastianelisapfeifer","2020-06-28T00:39:04Z"
"spotify:track:5QtHxhexrXWsyExzsbZog2","Money For Nothing - Live Version","spotify:artist:0WwSkZ7LtFUFjGjMZBMt6T","Dire Straits","spotify:album:3tybckgVqaIsR5oGnfWKpA","On The Night","spotify:artist:0WwSkZ7LtFUFjGjMZBMt6T","Dire Straits","1993-05-10","https://i.scdn.co/image/ab67616d0000b273936163e4567d7844a682ebec","1","9","387626","https://p.scdn.co/mp3-preview/62ec3a1e50db47ea3e2f11ad01d6240105c99c4f?cid=9950ac751e34487dbbe027c4fd7f8e99","false","42","spotify:user:sebastianelisapfeifer","2020-06-28T00:39:24Z"
"spotify:track:4km7pPzS1RkglFvRMAn4LH","Once Upon A Time In The West - Live At Hammersmith Odeon, London/1983","spotify:artist:0WwSkZ7LtFUFjGjMZBMt6T","Dire Straits","spotify:album:7JLiApdEm6DhYEdK3cop0v","Alchemy: Dire Straits Live","spotify:artist:0WwSkZ7LtFUFjGjMZBMt6T","Dire Straits","1984-03-14","https://i.scdn.co/image/ab67616d0000b273e91a60ba9b9b1591b1e26eb6","1","1","780760","https://p.scdn.co/mp3-preview/5be526791d625c96d03f3a042e975cafe3fb339c?cid=9950ac751e34487dbbe027c4fd7f8e99","false","43","spotify:user:sebastianelisapfeifer","2020-06-28T00:39:29Z"
"spotify:track:7tr1IYCt9HEzuEvTiQK80x","Paranoid - Live 1981","spotify:artist:6ZLTlhejhndI4Rh53vYhrY","Ozzy Osbourne","spotify:album:0FFbguUto5ZWRVMN2r9ZCm","The Ozzman Cometh","spotify:artist:6ZLTlhejhndI4Rh53vYhrY","Ozzy Osbourne","1997-11-11","https://i.scdn.co/image/ab67616d0000b273b7455050287d805f17dad811","1","7","172333","","false","0","spotify:user:sebastianelisapfeifer","2020-06-28T00:39:55Z"
"spotify:track:1271Iy1yemslnS5hk8UEpd","Nothing Else Matters - Live In Mexico City","spotify:artist:2ye2Wgw4gimLv2eAKyk1NB","Metallica","spotify:album:6TXWP5SAhTB9P0GN4tOT0B","Live Sh*t: Binge & Purge (Live In Mexico City)","spotify:artist:2ye2Wgw4gimLv2eAKyk1NB","Metallica","1993-01-01","https://i.scdn.co/image/ab67616d0000b273f003fc67301640e0e99a77eb","1","16","381666","https://p.scdn.co/mp3-preview/057848dccee41ad52cfdb11cb9dbe5463d485645?cid=9950ac751e34487dbbe027c4fd7f8e99","false","39","spotify:user:sebastianelisapfeifer","2020-06-28T00:40:22Z"
"spotify:track:62xeuqXtpij3PRuNpmX9du","Fade To Black - Live In Mexico City","spotify:artist:2ye2Wgw4gimLv2eAKyk1NB","Metallica","spotify:album:6TXWP5SAhTB9P0GN4tOT0B","Live Sh*t: Binge & Purge (Live In Mexico City)","spotify:artist:2ye2Wgw4gimLv2eAKyk1NB","Metallica","1993-01-01","https://i.scdn.co/image/ab67616d0000b273f003fc67301640e0e99a77eb","1","12","432333","https://p.scdn.co/mp3-preview/d16075b5d4eef1d62001f5754a68ab521d2ae310?cid=9950ac751e34487dbbe027c4fd7f8e99","false","38","spotify:user:sebastianelisapfeifer","2020-06-28T00:40:27Z"
"spotify:track:3LhRd4iKvLzlTUaZv7stu9","Welcome Home (Sanitarium) - Live In Mexico City","spotify:artist:2ye2Wgw4gimLv2eAKyk1NB","Metallica","spotify:album:6TXWP5SAhTB9P0GN4tOT0B","Live Sh*t: Binge & Purge (Live In Mexico City)","spotify:artist:2ye2Wgw4gimLv2eAKyk1NB","Metallica","1993-01-01","https://i.scdn.co/image/ab67616d0000b273f003fc67301640e0e99a77eb","1","4","399426","https://p.scdn.co/mp3-preview/1e97b9a295a12aed9cdc144b670a81b964457a86?cid=9950ac751e34487dbbe027c4fd7f8e99","true","36","spotify:user:sebastianelisapfeifer","2020-06-28T00:40:33Z"
"spotify:track:7CTwzCHZ6HnsUwOx10kwpw","Numb - Live","spotify:artist:6XyY86QOPPrYVGvF9ch6wz","Linkin Park","spotify:album:0ZBE7rVC0zKFVt5osvXlnz","Live in Texas","spotify:artist:6XyY86QOPPrYVGvF9ch6wz","Linkin Park","2003-11-18","https://i.scdn.co/image/ab67616d0000b273f7f5f22132802485e8e0034d","1","9","186773","https://p.scdn.co/mp3-preview/2680fb238c65775539399bb25529210d81e8be9b?cid=9950ac751e34487dbbe027c4fd7f8e99","false","43","spotify:user:sebastianelisapfeifer","2020-06-28T00:40:39Z"
"spotify:track:0mxJfakzlfWuidWSJcfcr4","In the End - Live","spotify:artist:6XyY86QOPPrYVGvF9ch6wz","Linkin Park","spotify:album:0ZBE7rVC0zKFVt5osvXlnz","Live in Texas","spotify:artist:6XyY86QOPPrYVGvF9ch6wz","Linkin Park","2003-11-18","https://i.scdn.co/image/ab67616d0000b273f7f5f22132802485e8e0034d","1","11","211760","https://p.scdn.co/mp3-preview/d579d8447f1728028193996900cf97aa13054730?cid=9950ac751e34487dbbe027c4fd7f8e99","false","43","spotify:user:sebastianelisapfeifer","2020-06-28T00:40:44Z"
"spotify:track:4QjRMKFiNIQBGOa7z7aavJ","Crawling - Live","spotify:artist:6XyY86QOPPrYVGvF9ch6wz","Linkin Park","spotify:album:0ZBE7rVC0zKFVt5osvXlnz","Live in Texas","spotify:artist:6XyY86QOPPrYVGvF9ch6wz","Linkin Park","2003-11-18","https://i.scdn.co/image/ab67616d0000b273f7f5f22132802485e8e0034d","1","10","213853","https://p.scdn.co/mp3-preview/806ac73f599c49ef5c7f0250fd6ea657ac2b09c4?cid=9950ac751e34487dbbe027c4fd7f8e99","false","42","spotify:user:sebastianelisapfeifer","2020-06-28T00:40:50Z"
"spotify:track:62gEtQDDKPrz3nUVTBsg9L","Holiday - Live at Milton Keynes National Bowl, Milton Keynes, England, 6/18/05","spotify:artist:7oPftvlwr6VrsViSDV7fJY","Green Day","spotify:album:2lybymL3xuzBGH9vsUnhai","Bullet in a Bible","spotify:artist:7oPftvlwr6VrsViSDV7fJY","Green Day","2005-11-15","https://i.scdn.co/image/ab67616d0000b2733daba7200668b6c8f1819f44","1","3","252413","https://p.scdn.co/mp3-preview/876fd12ded6ac598014fd7bd6ea57cd57806b41d?cid=9950ac751e34487dbbe027c4fd7f8e99","false","39","spotify:user:sebastianelisapfeifer","2020-06-28T00:40:55Z"
"spotify:track:224kL7H7v6VhHYK3yqxiha","Boulevard of Broken Dreams - Live at Milton Keynes National Bowl, Milton Keynes, England, 6/18/05","spotify:artist:7oPftvlwr6VrsViSDV7fJY","Green Day","spotify:album:2lybymL3xuzBGH9vsUnhai","Bullet in a Bible","spotify:artist:7oPftvlwr6VrsViSDV7fJY","Green Day","2005-11-15","https://i.scdn.co/image/ab67616d0000b2733daba7200668b6c8f1819f44","1","13","284960","https://p.scdn.co/mp3-preview/928e47a647563dfae7d1bb2ccb276ec7abe96a14?cid=9950ac751e34487dbbe027c4fd7f8e99","true","43","spotify:user:sebastianelisapfeifer","2020-06-28T00:41:01Z"
"spotify:track:3Yg8e3mR2wU9fl5fCn1hhB","Wake Me up When September Ends - Live at Milton Keynes National Bowl, Milton Keynes, England, 6/18/05","spotify:artist:7oPftvlwr6VrsViSDV7fJY","Green Day","spotify:album:2lybymL3xuzBGH9vsUnhai","Bullet in a Bible","spotify:artist:7oPftvlwr6VrsViSDV7fJY","Green Day","2005-11-15","https://i.scdn.co/image/ab67616d0000b2733daba7200668b6c8f1819f44","1","11","303386","https://p.scdn.co/mp3-preview/4aa3cb67a8f5ece474836f900c3e236c607a8a7e?cid=9950ac751e34487dbbe027c4fd7f8e99","false","38","spotify:user:sebastianelisapfeifer","2020-06-28T00:41:09Z"
"spotify:track:1nzMRcVVfmC53Fo6EjU0Wo","Orange Crush - Live","spotify:artist:4KWTAlx2RvbpseOGMEmROg","R.E.M.","spotify:album:3BO3qnsrk0GfBjLO1tWJwg","R.E.M. Live","spotify:artist:4KWTAlx2RvbpseOGMEmROg","R.E.M.","2007-01-01","https://i.scdn.co/image/ab67616d0000b2735e9cc52668a37682faed561b","1","11","267213","https://p.scdn.co/mp3-preview/b9140f42098f66a153a7af5f8547c964523117b9?cid=9950ac751e34487dbbe027c4fd7f8e99","false","27","spotify:user:sebastianelisapfeifer","2020-06-28T00:42:50Z"
"spotify:track:13ui3asggBzeLdrGeO3xWx","The One I Love - Live","spotify:artist:4KWTAlx2RvbpseOGMEmROg","R.E.M.","spotify:album:3BO3qnsrk0GfBjLO1tWJwg","R.E.M. Live","spotify:artist:4KWTAlx2RvbpseOGMEmROg","R.E.M.","2007-01-01","https://i.scdn.co/image/ab67616d0000b2735e9cc52668a37682faed561b","1","15","207000","https://p.scdn.co/mp3-preview/e982b146f6d624031a4abc5b43e921a4f10e30dd?cid=9950ac751e34487dbbe027c4fd7f8e99","false","34","spotify:user:sebastianelisapfeifer","2020-06-28T00:43:09Z"
"spotify:track:0svaiEE8lMG6Q3PjMWdxLq","Losing My Religion - Live","spotify:artist:4KWTAlx2RvbpseOGMEmROg","R.E.M.","spotify:album:3BO3qnsrk0GfBjLO1tWJwg","R.E.M. Live","spotify:artist:4KWTAlx2RvbpseOGMEmROg","R.E.M.","2007-01-01","https://i.scdn.co/image/ab67616d0000b2735e9cc52668a37682faed561b","1","17","293346","https://p.scdn.co/mp3-preview/e47aed7e4bc227d117b48e5723595279dea16a6f?cid=9950ac751e34487dbbe027c4fd7f8e99","false","46","spotify:user:sebastianelisapfeifer","2020-06-28T00:43:30Z"
"spotify:track:1fv863XteA9Mpx5QEJfpja","Drive - Live","spotify:artist:4KWTAlx2RvbpseOGMEmROg","R.E.M.","spotify:album:3BO3qnsrk0GfBjLO1tWJwg","R.E.M. Live","spotify:artist:4KWTAlx2RvbpseOGMEmROg","R.E.M.","2007-01-01","https://i.scdn.co/image/ab67616d0000b2735e9cc52668a37682faed561b","1","19","341386","https://p.scdn.co/mp3-preview/ae9b3dde3fb6aeb7fc77227bb51c79e0fef65553?cid=9950ac751e34487dbbe027c4fd7f8e99","false","27","spotify:user:sebastianelisapfeifer","2020-06-28T00:43:45Z"
"spotify:track:48XeWOEzEeUYIiPDxkNWEZ","Der lange Weg - Live","spotify:artist:1EoMc1Hck2NByhc2vay5O8","Bots","spotify:album:22ZI1yyKdHI1HY4RVrgkOa","Auf auf zum Kampf","spotify:artist:0LyfQWJT6nXafLPZqxe9Of","Various Artists","2007-12-24","https://i.scdn.co/image/ab67616d0000b273fceac1fcb7c707bd4f9d524c","1","20","251493","https://p.scdn.co/mp3-preview/0ce79d5b0a8d7793e7f8d5582772a5a46f229f37?cid=9950ac751e34487dbbe027c4fd7f8e99","false","2","spotify:user:sebastianelisapfeifer","2020-06-28T14:29:10Z"
"spotify:track:1fpvSLcJXBI3HJF4TtMqKm","Devil's Dance Floor - Live","spotify:artist:5kQGFREO5FzMBMsAO3cEtj","Flogging Molly","spotify:album:45lzXCCO53vBDKv2aVZPxv","Live at the Greek Theatre","spotify:artist:5kQGFREO5FzMBMsAO3cEtj","Flogging Molly","2010-03-02","https://i.scdn.co/image/ab67616d0000b27394c11c4451c60731208791b8","2","3","248986","https://p.scdn.co/mp3-preview/a9b8966df96f5e78065135e0b07f9ed54bf2b454?cid=9950ac751e34487dbbe027c4fd7f8e99","false","21","spotify:user:sebastianelisapfeifer","2020-06-28T18:20:41Z"
"spotify:track:27aUu89Z0taVQt9QGD75DR","Black Friday Rule - Live","spotify:artist:5kQGFREO5FzMBMsAO3cEtj","Flogging Molly","spotify:album:5Pbg4XUEmNEhqQD5nCdyE7","Whiskey On a Sunday","spotify:artist:5kQGFREO5FzMBMsAO3cEtj","Flogging Molly","2006-07-25","https://i.scdn.co/image/ab67616d0000b273071f50f8e5642f7b2eb496a0","1","8","719226","https://p.scdn.co/mp3-preview/faad9109848d7893c8b564f9dbcbf8221410bf8d?cid=9950ac751e34487dbbe027c4fd7f8e99","false","21","spotify:user:sebastianelisapfeifer","2020-06-28T18:22:19Z"
"spotify:track:5LvOcxcfiobkOLhFNLdFSq","The State of Massachusetts - Live on Lansdowne, Boston Ma","spotify:artist:7w9jdhcgHNdiPeNPUoFSlx","Dropkick Murphys","spotify:album:6Va6TnMvIcTcbMvdueVi9D","Live on Lansdowne, Boston Ma","spotify:artist:7w9jdhcgHNdiPeNPUoFSlx","Dropkick Murphys","2010-03-01","https://i.scdn.co/image/ab67616d0000b27329bf224d443ff59de3e24d6b","1","2","241093","https://p.scdn.co/mp3-preview/8b99d70ccfec158c3b8a931f6b15c473a2d58a0b?cid=9950ac751e34487dbbe027c4fd7f8e99","false","23","spotify:user:sebastianelisapfeifer","2020-06-28T18:22:49Z"
"spotify:track:2QVUvzcUumdRHS0e4efBEe","Johnny, I Hardly Knew Ya - Live on Lansdowne, Boston Ma","spotify:artist:7w9jdhcgHNdiPeNPUoFSlx","Dropkick Murphys","spotify:album:6Va6TnMvIcTcbMvdueVi9D","Live on Lansdowne, Boston Ma","spotify:artist:7w9jdhcgHNdiPeNPUoFSlx","Dropkick Murphys","2010-03-01","https://i.scdn.co/image/ab67616d0000b27329bf224d443ff59de3e24d6b","1","3","292293","https://p.scdn.co/mp3-preview/c0fdc506af91af09a7d417bb63ff9d39e1b44709?cid=9950ac751e34487dbbe027c4fd7f8e99","false","23","spotify:user:sebastianelisapfeifer","2020-06-28T18:24:59Z"
"spotify:track:6Kj6M8FqBKXNGYSuihPLcg","I'm Shipping up to Boston - Live on Lansdowne, Boston Ma","spotify:artist:7w9jdhcgHNdiPeNPUoFSlx","Dropkick Murphys","spotify:album:6Va6TnMvIcTcbMvdueVi9D","Live on Lansdowne, Boston Ma","spotify:artist:7w9jdhcgHNdiPeNPUoFSlx","Dropkick Murphys","2010-03-01","https://i.scdn.co/image/ab67616d0000b27329bf224d443ff59de3e24d6b","1","20","158760","https://p.scdn.co/mp3-preview/7123544a799036f479b2aff6d08ee79479588d1a?cid=9950ac751e34487dbbe027c4fd7f8e99","false","29","spotify:user:sebastianelisapfeifer","2020-06-28T18:25:19Z"
"spotify:track:7AQZHuGZRZf2p821Frqojd","The End - Live","spotify:artist:22WZ7M8sxp5THdruNY3gXt","The Doors","spotify:album:7teTxSPnJrpRoi7BxJ9qTC","American Nights - In Concert","spotify:artist:22WZ7M8sxp5THdruNY3gXt","The Doors","1991-05-17","https://i.scdn.co/image/ab67616d0000b273655aa919fb41687486eeace4","2","11","942493","https://p.scdn.co/mp3-preview/997db1a1e6c037a4c090ce252d27ed32872ff128?cid=9950ac751e34487dbbe027c4fd7f8e99","false","27","spotify:user:sebastianelisapfeifer","2020-06-28T18:28:42Z"
"spotify:track:0lr6MHp26GGTF4nWhwSacP","This Suffering - Live","spotify:artist:08yf5A2nS4XEeNvabDXqyg","Billy Talent","spotify:album:7y3Rss5gXOzc8GSNLthe9M","666 Live","spotify:artist:08yf5A2nS4XEeNvabDXqyg","Billy Talent","2007-09-27","https://i.scdn.co/image/ab67616d0000b273dee3b559053344b976351b55","1","3","231373","https://p.scdn.co/mp3-preview/dd77cb33e618ced9c25bd939fbfd985988049a1b?cid=9950ac751e34487dbbe027c4fd7f8e99","false","14","spotify:user:sebastianelisapfeifer","2020-06-28T18:42:35Z"
"spotify:track:3yV8Sf9ugQvHzuPsstEMR5","Surrender - Live","spotify:artist:08yf5A2nS4XEeNvabDXqyg","Billy Talent","spotify:album:7y3Rss5gXOzc8GSNLthe9M","666 Live","spotify:artist:08yf5A2nS4XEeNvabDXqyg","Billy Talent","2007-09-27","https://i.scdn.co/image/ab67616d0000b273dee3b559053344b976351b55","1","9","239386","https://p.scdn.co/mp3-preview/6d182d340a5e91d43aea9229b498d50b7ecbcc7c?cid=9950ac751e34487dbbe027c4fd7f8e99","false","12","spotify:user:sebastianelisapfeifer","2020-06-28T18:43:09Z"
"spotify:track:5CoAaK3XPQ82Ss0u3cGIt0","Fallen Leaves - Live","spotify:artist:08yf5A2nS4XEeNvabDXqyg","Billy Talent","spotify:album:7y3Rss5gXOzc8GSNLthe9M","666 Live","spotify:artist:08yf5A2nS4XEeNvabDXqyg","Billy Talent","2007-09-27","https://i.scdn.co/image/ab67616d0000b273dee3b559053344b976351b55","1","11","208040","https://p.scdn.co/mp3-preview/e19966010eb18fd603f3e028faf916d17bf5db7b?cid=9950ac751e34487dbbe027c4fd7f8e99","false","14","spotify:user:sebastianelisapfeifer","2020-06-28T18:43:12Z"
"spotify:track:6vYvSdM8sZtHoJX9i2J3Ho","Try Honesty - Live","spotify:artist:08yf5A2nS4XEeNvabDXqyg","Billy Talent","spotify:album:7y3Rss5gXOzc8GSNLthe9M","666 Live","spotify:artist:08yf5A2nS4XEeNvabDXqyg","Billy Talent","2007-09-27","https://i.scdn.co/image/ab67616d0000b273dee3b559053344b976351b55","1","14","392040","https://p.scdn.co/mp3-preview/0ab90189ecd4b6fd3af34783363b75f4c045f39d?cid=9950ac751e34487dbbe027c4fd7f8e99","false","10","spotify:user:sebastianelisapfeifer","2020-06-28T18:45:27Z"
"spotify:track:5bZq4GTuiftMVAgLkdhIYo","Red Flag - Live","spotify:artist:08yf5A2nS4XEeNvabDXqyg","Billy Talent","spotify:album:7y3Rss5gXOzc8GSNLthe9M","666 Live","spotify:artist:08yf5A2nS4XEeNvabDXqyg","Billy Talent","2007-09-27","https://i.scdn.co/image/ab67616d0000b273dee3b559053344b976351b55","1","17","289186","https://p.scdn.co/mp3-preview/cd2a3a4e38280876fad88c02c16014ba716cb4e9?cid=9950ac751e34487dbbe027c4fd7f8e99","false","12","spotify:user:sebastianelisapfeifer","2020-06-28T18:45:58Z"
"spotify:track:3XmnKCrmZdMG3b9TbgHZga","Surrender - Live at Nova Rock Festival","spotify:artist:08yf5A2nS4XEeNvabDXqyg","Billy Talent","spotify:album:7y3Rss5gXOzc8GSNLthe9M","666 Live","spotify:artist:08yf5A2nS4XEeNvabDXqyg","Billy Talent","2007-09-27","https://i.scdn.co/image/ab67616d0000b273dee3b559053344b976351b55","1","18","242266","https://p.scdn.co/mp3-preview/26e7e0b0de6a20550fe1949035b18fbcd2ddcb38?cid=9950ac751e34487dbbe027c4fd7f8e99","false","9","spotify:user:sebastianelisapfeifer","2020-06-28T18:50:54Z"
"spotify:track:0GbOPSlrrHRcUhebaINTX1","Red Flag - Live at Nova Rock Festival","spotify:artist:08yf5A2nS4XEeNvabDXqyg","Billy Talent","spotify:album:7y3Rss5gXOzc8GSNLthe9M","666 Live","spotify:artist:08yf5A2nS4XEeNvabDXqyg","Billy Talent","2007-09-27","https://i.scdn.co/image/ab67616d0000b273dee3b559053344b976351b55","1","19","300826","https://p.scdn.co/mp3-preview/89a133b27934570f1132d4c6f504cbad807a698b?cid=9950ac751e34487dbbe027c4fd7f8e99","false","9","spotify:user:sebastianelisapfeifer","2020-06-28T18:55:07Z"
"spotify:track:1wlIrVDApzW8Z5e9GK6Fub","Bad Company","spotify:artist:5t28BP42x2axFnqOOMg3CM","Five Finger Death Punch","spotify:album:6vMTdFzBPjyrBSFkCvjUh3","The Wrong Side Of Heaven And The Righteous Side Of Hell, Volume 1","spotify:artist:5t28BP42x2axFnqOOMg3CM","Five Finger Death Punch","2013-07-26","https://i.scdn.co/image/ab67616d0000b27376df46a3fd82c419a2dc0a43","2","7","297062","https://p.scdn.co/mp3-preview/ee185590c4454e58cf4f1496f308ad2d94cf5d59?cid=9950ac751e34487dbbe027c4fd7f8e99","true","34","spotify:user:sebastianelisapfeifer","2020-06-28T19:05:59Z"
"spotify:track:2gWmMg2PfK2b1vPJfCAhIV","Breaking the Law - Live","spotify:artist:2tRsMl4eGxwoNabM08Dm4I","Judas Priest","spotify:album:2jI1cHVZ6B3T0r5FWvHjN4","Priest...Live!","spotify:artist:2tRsMl4eGxwoNabM08Dm4I","Judas Priest","1987-07-07","https://i.scdn.co/image/ab67616d0000b27318113a835bf741e501910640","1","4","162506","https://p.scdn.co/mp3-preview/59ec597843a8b7e06216ddab4ef39ced211bc81b?cid=9950ac751e34487dbbe027c4fd7f8e99","false","31","spotify:user:sebastianelisapfeifer","2020-07-03T16:49:38Z"
"spotify:track:1u5wntFKJGbUjHxqLeEBu8","Who Are You - Live","spotify:artist:67ea9eGLXYMsO2eYQRui3w","The Who","spotify:album:7G01eFZdWjX2jR11fpfe0t","Live In Hyde Park","spotify:artist:67ea9eGLXYMsO2eYQRui3w","The Who","2015-11-20","https://i.scdn.co/image/ab67616d0000b273c064550e26dde66169b334d7","1","3","406240","https://p.scdn.co/mp3-preview/1a378372afef5a890ad7c6d27fd840a2e4b87a92?cid=9950ac751e34487dbbe027c4fd7f8e99","false","22","spotify:user:sebastianelisapfeifer","2020-07-03T16:50:10Z"
"spotify:track:14Tg5KFBhQJjftgl43E1xj","I Can See For Miles - Live","spotify:artist:67ea9eGLXYMsO2eYQRui3w","The Who","spotify:album:7G01eFZdWjX2jR11fpfe0t","Live In Hyde Park","spotify:artist:67ea9eGLXYMsO2eYQRui3w","The Who","2015-11-20","https://i.scdn.co/image/ab67616d0000b273c064550e26dde66169b334d7","1","6","347546","https://p.scdn.co/mp3-preview/9754e7bc71a6db4026d5afdc966fe81af9e0c9cb?cid=9950ac751e34487dbbe027c4fd7f8e99","false","17","spotify:user:sebastianelisapfeifer","2020-07-03T16:50:14Z"
"spotify:track:0FtFYWCr6lxRbYIGMXu7pT","My Generation - Live","spotify:artist:67ea9eGLXYMsO2eYQRui3w","The Who","spotify:album:7G01eFZdWjX2jR11fpfe0t","Live In Hyde Park","spotify:artist:67ea9eGLXYMsO2eYQRui3w","The Who","2015-11-20","https://i.scdn.co/image/ab67616d0000b273c064550e26dde66169b334d7","1","7","295626","https://p.scdn.co/mp3-preview/fbeec910919de7775f8a6bff016420f473aaebeb?cid=9950ac751e34487dbbe027c4fd7f8e99","false","20","spotify:user:sebastianelisapfeifer","2020-07-03T16:50:19Z"
"spotify:track:7EPppGynx9X3ColoGkp8D3","Behind Blue Eyes - Live","spotify:artist:67ea9eGLXYMsO2eYQRui3w","The Who","spotify:album:7G01eFZdWjX2jR11fpfe0t","Live In Hyde Park","spotify:artist:67ea9eGLXYMsO2eYQRui3w","The Who","2015-11-20","https://i.scdn.co/image/ab67616d0000b273c064550e26dde66169b334d7","1","8","254893","https://p.scdn.co/mp3-preview/20ed6ef0944827366bfbbe5279d86eaa58080f5c?cid=9950ac751e34487dbbe027c4fd7f8e99","false","22","spotify:user:sebastianelisapfeifer","2020-07-03T16:50:33Z"
"spotify:track:38GCuNaUZaaD9S2mYkRL65","Love Reign O'er Me - Live","spotify:artist:67ea9eGLXYMsO2eYQRui3w","The Who","spotify:album:7G01eFZdWjX2jR11fpfe0t","Live In Hyde Park","spotify:artist:67ea9eGLXYMsO2eYQRui3w","The Who","2015-11-20","https://i.scdn.co/image/ab67616d0000b273c064550e26dde66169b334d7","1","13","452826","https://p.scdn.co/mp3-preview/6439fc9e276f2df560b9a248b0c1cd852c7bf147?cid=9950ac751e34487dbbe027c4fd7f8e99","false","18","spotify:user:sebastianelisapfeifer","2020-07-03T16:50:39Z"
"spotify:track:7bVuzu6gHpFay5ynWMm60h","Eminence Front - Live","spotify:artist:67ea9eGLXYMsO2eYQRui3w","The Who","spotify:album:7G01eFZdWjX2jR11fpfe0t","Live In Hyde Park","spotify:artist:67ea9eGLXYMsO2eYQRui3w","The Who","2015-11-20","https://i.scdn.co/image/ab67616d0000b273c064550e26dde66169b334d7","1","14","347946","https://p.scdn.co/mp3-preview/6a1cc2919baa88f3fb489d7068147740c297c2fd?cid=9950ac751e34487dbbe027c4fd7f8e99","false","20","spotify:user:sebastianelisapfeifer","2020-07-03T16:50:43Z"
"spotify:track:6eYzMOx8ysMhxHrGkvS6vM","Pinball Wizard - Live","spotify:artist:67ea9eGLXYMsO2eYQRui3w","The Who","spotify:album:7G01eFZdWjX2jR11fpfe0t","Live In Hyde Park","spotify:artist:67ea9eGLXYMsO2eYQRui3w","The Who","2015-11-20","https://i.scdn.co/image/ab67616d0000b273c064550e26dde66169b334d7","1","16","167880","https://p.scdn.co/mp3-preview/6f9d10fe493ee59475ed5981235031b17d310b66?cid=9950ac751e34487dbbe027c4fd7f8e99","false","20","spotify:user:sebastianelisapfeifer","2020-07-03T16:50:47Z"
"spotify:track:1d54dVR47WC3Vfd5FldEeO","18 & Life (Live)","spotify:artist:2D2svlzUpyTfcEEq0t3dgV","Sebastian Bach","spotify:album:3HeJL2cu5geJeHNAOwirls","Bring Em Bach - Live","spotify:artist:2D2svlzUpyTfcEEq0t3dgV","Sebastian Bach","2003-02-11","https://i.scdn.co/image/ab67616d0000b27346f051fafef5d30def70ba7a","1","8","310746","","false","0","spotify:user:sebastianelisapfeifer","2020-07-05T16:01:27Z"
"spotify:track:6wqqLDDwyW72MnLks6OPC5","In a Darkened Room (Live)","spotify:artist:2D2svlzUpyTfcEEq0t3dgV","Sebastian Bach","spotify:album:3HeJL2cu5geJeHNAOwirls","Bring Em Bach - Live","spotify:artist:2D2svlzUpyTfcEEq0t3dgV","Sebastian Bach","2003-02-11","https://i.scdn.co/image/ab67616d0000b27346f051fafef5d30def70ba7a","1","12","307800","","false","0","spotify:user:sebastianelisapfeifer","2020-07-05T16:01:30Z"
"spotify:track:2Yc2mIi2E573hu6IzuC0fW","Time After Time Etc. - Live","spotify:artist:4KWTAlx2RvbpseOGMEmROg","R.E.M.","spotify:album:1XNRNBMc4gQixYIz2oc2k4","Complete Rarities - I.R.S. 1982-1987","spotify:artist:4KWTAlx2RvbpseOGMEmROg","R.E.M.","2014-01-01","https://i.scdn.co/image/ab67616d0000b273e0ac5e8ac8c88d92548c7cbd","2","25","502693","https://p.scdn.co/mp3-preview/c0a55be41751482f17b8799d55edada4c532d8d1?cid=9950ac751e34487dbbe027c4fd7f8e99","false","8","spotify:user:sebastianelisapfeifer","2020-08-12T16:16:29Z"
"spotify:track:0TIgFxRBOvWG3cXkeHLPve","The One I Love - Live","spotify:artist:4KWTAlx2RvbpseOGMEmROg","R.E.M.","spotify:album:1XNRNBMc4gQixYIz2oc2k4","Complete Rarities - I.R.S. 1982-1987","spotify:artist:4KWTAlx2RvbpseOGMEmROg","R.E.M.","2014-01-01","https://i.scdn.co/image/ab67616d0000b273e0ac5e8ac8c88d92548c7cbd","2","22","246586","","false","0","spotify:user:sebastianelisapfeifer","2020-08-12T16:17:09Z"
"spotify:track:77yTLA5l4FQwJjWg6BTwuL","Nothing Else Matters - Live","spotify:artist:2ye2Wgw4gimLv2eAKyk1NB, spotify:artist:1qHStDLIc8uV7hvTG6FGRJ","Metallica, San Francisco Symphony","spotify:album:4WnCyOEB5H6qww93Hz88ZC","All Within My Hands (Live) / Nothing Else Matters (Live)","spotify:artist:2ye2Wgw4gimLv2eAKyk1NB, spotify:artist:1qHStDLIc8uV7hvTG6FGRJ","Metallica, San Francisco Symphony","2020-07-15","https://i.scdn.co/image/ab67616d0000b2734b0a61267812ba176cd2005a","1","2","399600","https://p.scdn.co/mp3-preview/ac4a25d918e3140bf99b2c0999e223d8a4d051f5?cid=9950ac751e34487dbbe027c4fd7f8e99","false","34","spotify:user:sebastianelisapfeifer","2020-10-18T21:43:55Z"
"spotify:track:2PQEUOi3I0cfJhy5cc5H8O","Fear Of The Dark - Live; 1998 Remastered Version","spotify:artist:6mdiAmATAx73kdxrNrnlao","Iron Maiden","spotify:album:3DRvgymMVPG0TQ2DugHJRb","A Real Live Dead One (Live; 1998 Remaster)","spotify:artist:6mdiAmATAx73kdxrNrnlao","Iron Maiden","1993-10-18","https://i.scdn.co/image/ab67616d0000b2731aa2df21518da8ab5781d84d","2","11","431333","https://p.scdn.co/mp3-preview/e4a346660fd11d59edb25f15d715d0453d853979?cid=9950ac751e34487dbbe027c4fd7f8e99","false","36","spotify:user:sebastianelisapfeifer","2020-10-18T21:44:05Z"
"spotify:track:2ieMTkzxy2BM0Uz1MKbOOu","Down with the Sickness - Live","spotify:artist:3TOqt5oJwL9BE2NG9MEwDa","Disturbed","spotify:album:6qKFBMRVcXzjenNTu5GNVA","The Sickness (20th Anniversary Edition)","spotify:artist:3TOqt5oJwL9BE2NG9MEwDa","Disturbed","2000-03-07","https://i.scdn.co/image/ab67616d0000b273f29e58d4b65aefd49a3be481","1","16","283559","https://p.scdn.co/mp3-preview/5666191ed946112d9f483f032c9353cd0e30dcee?cid=9950ac751e34487dbbe027c4fd7f8e99","true","19","spotify:user:sebastianelisapfeifer","2020-10-18T21:44:59Z"
"spotify:track:6ODDvwNQ5BpRy74ZNuJyfT","When The Smoke Is Going Down - Live","spotify:artist:27T030eWyCQRmDyuvr1kxY","Scorpions","spotify:album:1kG5M8pkXL6AjCKiaWHmmT","Live Bites","spotify:artist:27T030eWyCQRmDyuvr1kxY","Scorpions","1995-01-01","https://i.scdn.co/image/ab67616d0000b273589b42ee8c3754776c3bfa77","1","6","157066","","false","0","spotify:user:sebastianelisapfeifer","2020-10-26T18:29:52Z"
"spotify:track:3BEZCNZSmVv30vsMNSOCri","Layla - Acoustic; Live at MTV Unplugged, Bray Film Studios, Windsor, England, UK, 1/16/1992; 2013 Remaster","spotify:artist:6PAt558ZEZl0DmdXlnjMgD","Eric Clapton","spotify:album:3ebyEGol0Abc7VAxYf7vEg","Unplugged (Deluxe Edition)","spotify:artist:6PAt558ZEZl0DmdXlnjMgD","Eric Clapton","1992-08-25","https://i.scdn.co/image/ab67616d0000b273d55ec7fcfacd95e73877b787","1","7","289026","https://p.scdn.co/mp3-preview/0caedebc3408c21a1aaa59d0b9c2479d0ddb8b89?cid=9950ac751e34487dbbe027c4fd7f8e99","false","69","spotify:user:sebastianelisapfeifer","2020-11-08T21:57:53Z"
"spotify:track:1CwK8cVd7ja76i7GO9DMyy","Warriors of the world","spotify:artist:4TqrV3zg5uDCFyknf56Al7, spotify:artist:0xR4JwdaF7TH4UbvFju6rJ","Lanzer, Rock Circus","spotify:album:59g2dAc9wAsXz0pT02sjRd","Greatest Rock Hits Live","spotify:artist:4TqrV3zg5uDCFyknf56Al7","Lanzer","2011-10-25","https://i.scdn.co/image/ab67616d0000b2730d19cde417bce352ed1db6a6","1","2","334640","https://p.scdn.co/mp3-preview/63636cc534f5803c72c18639df2d534d05276cb6?cid=9950ac751e34487dbbe027c4fd7f8e99","false","44","spotify:user:sebastianelisapfeifer","2020-11-08T22:06:06Z"
"spotify:track:5Nzi044j5hKcDdL5U0kQCr","At the end of the rainbow","spotify:artist:4TqrV3zg5uDCFyknf56Al7, spotify:artist:0xR4JwdaF7TH4UbvFju6rJ","Lanzer, Rock Circus","spotify:album:59g2dAc9wAsXz0pT02sjRd","Greatest Rock Hits Live","spotify:artist:4TqrV3zg5uDCFyknf56Al7","Lanzer","2011-10-25","https://i.scdn.co/image/ab67616d0000b2730d19cde417bce352ed1db6a6","1","3","242000","https://p.scdn.co/mp3-preview/49eee33e8bdbfdc059618413ae36e693ac9d403a?cid=9950ac751e34487dbbe027c4fd7f8e99","false","13","spotify:user:sebastianelisapfeifer","2020-11-10T21:31:01Z"
"spotify:track:2KdZpPnVKJskYaAqFtapC1","Wonderwall - Live at Wembley Stadium, 2000","spotify:artist:2DaxqgrOhkeH0fpeiQq2f4","Oasis","spotify:album:1GUKGLuFUcVBBfOVHpMaPD","Familiar To Millions","spotify:artist:2DaxqgrOhkeH0fpeiQq2f4","Oasis","2000-11-01","https://i.scdn.co/image/ab67616d0000b2736943a572c3e1c0f50f5f97a4","2","1","286466","https://p.scdn.co/mp3-preview/f2fa1acf2a7e90baf6879f425445ff8672e04f19?cid=9950ac751e34487dbbe027c4fd7f8e99","false","36","spotify:user:sebastianelisapfeifer","2020-11-15T23:10:13Z"
"spotify:track:2V2Igm4OpbGsedZh1M4grD","Stairway to Heaven - Live 1972; 2018 Remaster","spotify:artist:36QJpDe2go2KgaRleHCDTp","Led Zeppelin","spotify:album:3otvl9PN3kOgk5uwAh1CBL","How the West Was Won (2018 Remaster)","spotify:artist:36QJpDe2go2KgaRleHCDTp","Led Zeppelin","2003-05-27","https://i.scdn.co/image/ab67616d0000b2737befecf74a075298cc93766c","1","7","577013","https://p.scdn.co/mp3-preview/f497eed5a8e97cb97ea089d0a3b18c5a6e1853b4?cid=9950ac751e34487dbbe027c4fd7f8e99","false","41","spotify:user:sebastianelisapfeifer","2020-11-15T23:13:24Z"
"spotify:track:18zZZSWxkxZRHOhwUB4OUB","Fischia il vento","spotify:artist:443KHruraFfm6t1cK8SJCc","Talco","spotify:album:5cgnTskrbdUK9mzyO12RZW","10 Years","spotify:artist:443KHruraFfm6t1cK8SJCc","Talco","2014-07-18","https://i.scdn.co/image/ab67616d0000b273f550e0cb202249c30277435b","1","6","194040","https://p.scdn.co/mp3-preview/3936f1cb8695abb0baa32a9c36df799c2d042e9a?cid=9950ac751e34487dbbe027c4fd7f8e99","false","28","spotify:user:sebastianelisapfeifer","2020-11-18T06:58:14Z"
"spotify:track:3kYnliVTDOrBKXm4DS1icg","Iâ€™m Gonna Be (500 Miles)","spotify:artist:1A92IAcd7A6npCA33oGM5i","The Proclaimers","spotify:album:0UPAubRws3tCNOqHNw47pt","Cool As Folk","spotify:artist:0LyfQWJT6nXafLPZqxe9Of","Various Artists","2011-07-24","https://i.scdn.co/image/ab67616d0000b273cea83b11ada7711b65831ab3","1","26","218613","","false","19","spotify:user:sebastianelisapfeifer","2020-11-28T22:41:38Z"
"spotify:track:55TsgNoGHNBOHgQgvFS8Cn","Friday I'm In Love - Live","spotify:artist:7bu3H8JO7d0UbMoVzbo70s","The Cure","spotify:album:3rK1q79KbTporCJVvbMNUX","Anniversary: 1978 - 2018 Live In Hyde Park London","spotify:artist:7bu3H8JO7d0UbMoVzbo70s","The Cure","2019-10-18","https://i.scdn.co/image/ab67616d0000b2731bef475cc22d53cd980be970","1","22","226213","https://p.scdn.co/mp3-preview/e3a16a787e630174bbb221c3b15932ce381ee904?cid=9950ac751e34487dbbe027c4fd7f8e99","false","32","spotify:user:sebastianelisapfeifer","2020-12-11T17:09:10Z"
"spotify:track:5uhvUuQciVrP0p48NqSHaq","Knocking On Heaven's Door - Live At Hammersmith Odeon","spotify:artist:6PAt558ZEZl0DmdXlnjMgD","Eric Clapton","spotify:album:5MAL7e4EnKXW1hFg6NbFqP","Slowhand 35th Anniversary (Super Deluxe)","spotify:artist:6PAt558ZEZl0DmdXlnjMgD","Eric Clapton","1977-11-01","https://i.scdn.co/image/ab67616d0000b2736f093a6ae88a5ca8ed53b9f7","2","5","318000","https://p.scdn.co/mp3-preview/09c51c03801b6b4473b759ec56a4aed018f0807a?cid=9950ac751e34487dbbe027c4fd7f8e99","false","48","spotify:user:sebastianelisapfeifer","2020-12-13T12:46:55Z"
"spotify:track:5pM0gustqv1ZWjI2TpSRRM","Soldier of Fortune - Live","spotify:artist:7yMqxge3rOuzpKVIoSQToG","Ritchie Blackmore's Rainbow","spotify:album:3sxa7aRE05YhOmamC3gQrZ","Memories in Rock II (Live)","spotify:artist:7yMqxge3rOuzpKVIoSQToG","Ritchie Blackmore's Rainbow","2018-04-06","https://i.scdn.co/image/ab67616d0000b273e9836da53d947888af68d945","1","8","230628","https://p.scdn.co/mp3-preview/0c966efc52e8f5b478ec83db43710b008c94d602?cid=9950ac751e34487dbbe027c4fd7f8e99","false","18","spotify:user:sebastianelisapfeifer","2020-12-25T13:58:27Z"
"spotify:track:1mZfzcclmxrk7QtfzOLF00","Summertime","spotify:artist:4NgfOZCL9Ml67xzM0xzIvC","Janis Joplin","spotify:album:1cczYgxFJu08mmIA1o7CsF","Live: Texas International Pop Festival, Dallas TX 30 Aug' '69 - Remastered from Original Tape","spotify:artist:4NgfOZCL9Ml67xzM0xzIvC","Janis Joplin","1969","https://i.scdn.co/image/ab67616d0000b2730c2398fae93596f488328ee1","1","6","278061","https://p.scdn.co/mp3-preview/4e9199ebfc6c4e88c8ac18d91d1b75fa93746a9b?cid=9950ac751e34487dbbe027c4fd7f8e99","false","27","spotify:user:sebastianelisapfeifer","2020-12-25T14:07:18Z"
"spotify:track:4MzySNjSdv9ZegSD13IVNV","Wicked Game - Recorded Live at St Canice Cathedral, Kilkenny","spotify:artist:7FDlvgcodNfC0IBdWevl4u","James Vincent McMorrow","spotify:album:164gSCRcFEEn9mxV5hGyn8","Wicked Game (Recorded Live at St Canice Cathedral, Kilkenny)","spotify:artist:7FDlvgcodNfC0IBdWevl4u","James Vincent McMorrow","2016","https://i.scdn.co/image/ab67616d0000b273539fcb735ac334d6fd57f373","1","1","271405","https://p.scdn.co/mp3-preview/659ab0a6e01d968c788453c4aa3bbdbeeb2cd91c?cid=9950ac751e34487dbbe027c4fd7f8e99","false","60","spotify:user:sebastianelisapfeifer","2021-01-01T22:31:14Z"
"spotify:track:5R0WMVaXRDnIlyKIpEt8LR","I Turned To Stone","spotify:artist:42RbQv212uOjyfIXECLKfR","Budgie","spotify:album:1rf0RCsUO98uTUFcNrrvG9","The Hits (Live)","spotify:artist:42RbQv212uOjyfIXECLKfR","Budgie","2019-09-25","https://i.scdn.co/image/ab67616d0000b273bba549b60737cf462f30ac54","1","10","389600","https://p.scdn.co/mp3-preview/11f748d884a8b8b66e77ae677aef51b8f93acea6?cid=9950ac751e34487dbbe027c4fd7f8e99","false","8","spotify:user:sebastianelisapfeifer","2021-02-18T19:43:08Z"
"spotify:track:4Q6Scp4fYooOXdickW9dvU","Knocking on Heaven's Door - Live Bootleg Recording","spotify:artist:4HxBVyHaUa60eCSsJWxwWR","Sisters of Mercy","spotify:album:39YeTqcH6bORvAQDgiTgrb","Vision Thing","spotify:artist:4HxBVyHaUa60eCSsJWxwWR","Sisters of Mercy","1990-03-01","https://i.scdn.co/image/ab67616d0000b273cf4d841762fc1d917cb901fa","3","2","413974","https://p.scdn.co/mp3-preview/ac302ce6c222b0a799f4fb6e8cd1a9bd37cf1d5c?cid=9950ac751e34487dbbe027c4fd7f8e99","false","18","spotify:user:sebastianelisapfeifer","2021-03-10T17:44:06Z"
"spotify:track:0naWmO0bE2itsfHCuDwf4N","Dust In The Wind (Acoustic Guitar Solo) - Live acoustic guitar solo","spotify:artist:2hl0xAkS2AIRAu23TVMBG1","Kansas","spotify:album:6lxd4fqldvSnCehHPkmEBU","Two For The Show (30th Anniversary Edition)","spotify:artist:2hl0xAkS2AIRAu23TVMBG1","Kansas","1978","https://i.scdn.co/image/ab67616d0000b2730f3f0a87904a1382c60b58f4","1","8","377560","","false","28","spotify:user:sebastianelisapfeifer","2021-03-13T10:54:57Z"
"spotify:track:2FUJZ1HMAvXgGkEiqd9qa5","Fear of the Dark - Live '01","spotify:artist:6mdiAmATAx73kdxrNrnlao","Iron Maiden","spotify:album:4SiZSq9igWhpJoMzjxE1xE","Rock In Rio [Live]","spotify:artist:6mdiAmATAx73kdxrNrnlao","Iron Maiden","2002-03-20","https://i.scdn.co/image/ab67616d0000b2737caf2bddcb087c1f7ad02502","2","4","470293","https://p.scdn.co/mp3-preview/1514387d1a8df7c00a49c71a4c021b72a69b4988?cid=9950ac751e34487dbbe027c4fd7f8e99","false","48","spotify:user:sebastianelisapfeifer","2021-03-14T22:26:45Z"
"spotify:track:4PfFcn4ZMJC2VINKjKX8AR","Mistreated - Live In Japan, 1976","spotify:artist:6SLAMfhOi7UJI0fMztaK0m","Rainbow","spotify:album:6E5gtJVCpCAGIJb9UDzvNZ","On Stage (Deluxe Edition)","spotify:artist:6SLAMfhOi7UJI0fMztaK0m","Rainbow","1977","https://i.scdn.co/image/ab67616d0000b273fcac33ad3b14f7282561be33","1","4","783853","https://p.scdn.co/mp3-preview/453fe4ec1193a07e8022963bf7b37674329325ff?cid=9950ac751e34487dbbe027c4fd7f8e99","false","28","spotify:user:sebastianelisapfeifer","2021-03-27T13:31:05Z"
"spotify:local:The+Sisters+of+Mercy::Nine+While+Nine+Live:278","Nine While Nine Live","","The Sisters of Mercy","","","","","","","0","0","278000","","false","0","spotify:user:sebastianelisapfeifer","2021-04-07T09:19:47Z"
