"Track-URI","Track-Name","Künstler-URI(s)","Künstlername(n)","Album-URI","Album-Name","Album-Künstler-URI(s)","Album-Künstlername(n)","Veröffentlichungsdatum des Albums","Album-Bild-URL","Disc-Nummer","Track-Nummer","Track-Dauer (ms)","Track-Vorschau-URL","Explizit","Beliebtheit","ISRC","Hinzugefügt von","Hinzugefügt am"
"spotify:track:6VsFwVOgYod8AlHi5Ikph4","Avalon","spotify:artist:0tfnDOJ5a2ib3mHAI4qGyD","The Dreadnoughts","spotify:album:3AtaamrqosM5VdORJN2WR9","Uncle Touchy Goes to College","spotify:artist:0tfnDOJ5a2ib3mHAI4qGyD","The Dreadnoughts","2011-06-08","https://i.scdn.co/image/ab67616d0000b273e4750da45c1d7da3ae27202d","1","6","242005","https://p.scdn.co/mp3-preview/bd5d15713e18acf6a73f37bf5354372133663ead?cid=9950ac751e34487dbbe027c4fd7f8e99","false","27","ushm21101088","spotify:user:sebastianelisapfeifer","2017-09-25T21:59:32Z"
"spotify:track:53XtmjUHiuLbfNsgGud45N","All That We See","spotify:artist:2zeqIkvxRPi7TrckJI1HPJ","The Black Ryder","spotify:album:4nSDGhbB1EvSD7CN9XzfIJ","Buy the Ticket, Take the Ride","spotify:artist:2zeqIkvxRPi7TrckJI1HPJ","The Black Ryder","2009-11-06","https://i.scdn.co/image/ab67616d0000b2736ced8a3c3a51a161f0917f7e","1","8","196880","https://p.scdn.co/mp3-preview/17e756f9e0ec7bf1d312dc33234bbc19fb16b34a?cid=9950ac751e34487dbbe027c4fd7f8e99","false","0","AUXX30900013","spotify:user:sebastianelisapfeifer","2017-09-25T22:00:02Z"
"spotify:track:1yKQBy7olMIqRpziyAzf8c","Working Class Hero - Remastered 2010","spotify:artist:4x1nvY2FN8jxqAFA0DA02H","John Lennon","spotify:album:0DFYbYCcHCEJPcN1hODG6K","Plastic Ono Band","spotify:artist:4x1nvY2FN8jxqAFA0DA02H","John Lennon","1970-12-11","https://i.scdn.co/image/ab67616d0000b2736462162d227ec2be2ebee12d","1","4","227933","https://p.scdn.co/mp3-preview/1ec45707a32878f308c16f1680dd1a04b896da41?cid=9950ac751e34487dbbe027c4fd7f8e99","true","57","GBAYE1000761","spotify:user:sebastianelisapfeifer","2017-09-25T22:00:13Z"
"spotify:track:0HpJb4Lstb9R6wlu2jUBoy","Sound Check (Gravity)","spotify:artist:3AA28KZvwAUcZuOKwyblJQ","Gorillaz","spotify:album:4tUxQkrduOE8sfgwJ5BI2F","Gorillaz","spotify:artist:3AA28KZvwAUcZuOKwyblJQ","Gorillaz","2001-03-26","https://i.scdn.co/image/ab67616d0000b273f6c46838e4425ea96e2562fe","1","8","282973","https://p.scdn.co/mp3-preview/9e2309fbe2c40d7f483ebd1bfade480064662592?cid=9950ac751e34487dbbe027c4fd7f8e99","false","49","GBAYE0001454","spotify:user:sebastianelisapfeifer","2017-09-25T22:00:57Z"
"spotify:track:0O7lENhqOySbsL743G7PqD","Vermilion, Pt. 2","spotify:artist:05fG473iIaoy82BF1aGhL8","Slipknot","spotify:album:4ZDBQSIDIZRUBOG2OHcN3T","Vol. 3: The Subliminal Verses","spotify:artist:05fG473iIaoy82BF1aGhL8","Slipknot","2004","https://i.scdn.co/image/ab67616d0000b2736b3463e7160d333ada4b175a","1","11","224320","https://p.scdn.co/mp3-preview/b53055a34dd79946b2c1512e473c3b02d6e0c736?cid=9950ac751e34487dbbe027c4fd7f8e99","false","71","NLA320420826","spotify:user:sebastianelisapfeifer","2017-09-25T22:02:14Z"
"spotify:track:6fZO4Uk2yM4MwrY13n2zBI","(Don't Fear) The Reaper - Single Version","spotify:artist:00tVTdpEhQQw1bqdu8RCx2","Blue Öyster Cult","spotify:album:24atu8BmjlxBrHAS8aWQS1","The Singles Collection","spotify:artist:00tVTdpEhQQw1bqdu8RCx2","Blue Öyster Cult","2005","https://i.scdn.co/image/ab67616d0000b2732568bc58d0128ef8e6facbdf","1","7","228866","https://p.scdn.co/mp3-preview/cbf1eb823b2289f9aa2598ab8307b1aadcec345c?cid=9950ac751e34487dbbe027c4fd7f8e99","false","0","USSM17600875","spotify:user:sebastianelisapfeifer","2017-09-25T22:05:51Z"
"spotify:track:7EmSPZ9f1AiLR9eVHNSI62","Brothers In Arms","spotify:artist:0WwSkZ7LtFUFjGjMZBMt6T","Dire Straits","spotify:album:1NF8WUbdC632SIwixiWrLh","Brothers In Arms (Remastered)","spotify:artist:0WwSkZ7LtFUFjGjMZBMt6T","Dire Straits","1985-05-13","https://i.scdn.co/image/ab67616d0000b27348cd811e6c34abd3ff00d15f","1","9","424000","https://p.scdn.co/mp3-preview/9bccf27bd46896db6306783b88c8fc7deff263c0?cid=9950ac751e34487dbbe027c4fd7f8e99","false","1","GBF088500681","spotify:user:sebastianelisapfeifer","2017-09-25T22:08:01Z"
"spotify:track:23gju7aYMKGkVu5SNWExPs","Spancil Hill","spotify:artist:72RvmgEg2omdlMV9aExO6a","The Dubliners","spotify:album:2JaU7begujrJQaORvAnVwD","The Dubliners","spotify:artist:72RvmgEg2omdlMV9aExO6a","The Dubliners","2007-06-01","https://i.scdn.co/image/ab67616d0000b27338b5bc1c257c04657e0ec960","1","18","244840","https://p.scdn.co/mp3-preview/8c96096d1facef97487c89b1354eb8e58ae6f148?cid=9950ac751e34487dbbe027c4fd7f8e99","false","42","IEAOF0500018","spotify:user:sebastianelisapfeifer","2017-09-25T22:21:08Z"
"spotify:track:0AiSo4v501j6HedGoX6shN","The Lifeboat Mona","spotify:artist:72RvmgEg2omdlMV9aExO6a","The Dubliners","spotify:album:1xPhTYpsGD1Pl314uxTClj","Now","spotify:artist:72RvmgEg2omdlMV9aExO6a","The Dubliners","2011-03-11","https://i.scdn.co/image/ab67616d0000b273215d210533590ae0965a2c0c","1","8","244786","https://p.scdn.co/mp3-preview/b9748b90165dbbb2394af587e1691e6561af10c6?cid=9950ac751e34487dbbe027c4fd7f8e99","false","6","IEAOF0700031","spotify:user:sebastianelisapfeifer","2018-01-13T11:39:26Z"
"spotify:track:0k0BQTVVAcufuV6G2u8Rc8","Springhill Mining Disaster","spotify:artist:72RvmgEg2omdlMV9aExO6a","The Dubliners","spotify:album:4HGFLC49lxfA1E3Zz9XkIk","20 Original Greatest Hits","spotify:artist:72RvmgEg2omdlMV9aExO6a","The Dubliners","2016-07-29","https://i.scdn.co/image/ab67616d0000b2735d75d9e7b2239bbed3946a56","1","12","243946","https://p.scdn.co/mp3-preview/85acdf0bdd1e255773fbafdabc7ad46802d3b068?cid=9950ac751e34487dbbe027c4fd7f8e99","false","14","IEAOF1600051","spotify:user:sebastianelisapfeifer","2018-01-13T11:39:47Z"
"spotify:track:536L9C0N7vhYdibCJx3cI2","The Wreck of the Edmund Fitzgerald","spotify:artist:23rleGXVOVVgTk3xgtmfE4","Gordon Lightfoot","spotify:album:7Ah40XNSL08oO3p0RAGro8","Summertime Dream","spotify:artist:23rleGXVOVVgTk3xgtmfE4","Gordon Lightfoot","1976","https://i.scdn.co/image/ab67616d0000b2737e12e3a6154eb79f0ee4b36c","1","2","389280","https://p.scdn.co/mp3-preview/f5bfb0618cbc5b83ace5586e63dbc3215e2bc836?cid=9950ac751e34487dbbe027c4fd7f8e99","false","67","USRE10901163","spotify:user:sebastianelisapfeifer","2018-01-17T08:13:40Z"
"spotify:track:0fxGA5lxrdYNYoE7yJxTNZ","My December","spotify:artist:6XyY86QOPPrYVGvF9ch6wz","Linkin Park","spotify:album:6hPkbAV3ZXpGZBGUvL6jVM","Hybrid Theory (Bonus Edition)","spotify:artist:6XyY86QOPPrYVGvF9ch6wz","Linkin Park","2000-10-24","https://i.scdn.co/image/ab67616d0000b273e2f039481babe23658fc719a","1","13","260560","https://p.scdn.co/mp3-preview/f287d08a9c317517708b5f7e041aeb9c93100dc2?cid=9950ac751e34487dbbe027c4fd7f8e99","false","62","USWB10003250","spotify:user:sebastianelisapfeifer","2018-06-12T11:37:52Z"
"spotify:track:5vVmnv4EN3X2VBa5Fo3UFM","Lightning Crashes","spotify:artist:6eoJpTIlcuxJNjV5fDzDJH","Live","spotify:album:3XbMeJ9zrtH806HuHWkZF2","Throwing Copper","spotify:artist:6eoJpTIlcuxJNjV5fDzDJH","Live","1994-01-01","https://i.scdn.co/image/ab67616d0000b273cf4c914bea5aba3e3066595a","1","5","325600","https://p.scdn.co/mp3-preview/cadb67a4f6f6adcd86c82a6ef16ae036911f6306?cid=9950ac751e34487dbbe027c4fd7f8e99","false","56","USRR29442180","spotify:user:sebastianelisapfeifer","2018-07-11T12:52:18Z"
"spotify:track:1SCwVUbxOrqU7NADHm7x7j","Кукушка","spotify:artist:2jkl2xJVm71azWAgZKyf42","Kino","spotify:album:69ZJ5dzcZJdcgcs8hBLgtu","Чёрный альбом","spotify:artist:2jkl2xJVm71azWAgZKyf42","Kino","1990-01-01","https://i.scdn.co/image/ab67616d0000b273786b41e76929792458bd66ee","1","5","398658","https://p.scdn.co/mp3-preview/e3e8f8a398c9756ee260bff80266357e9bdcedf2?cid=9950ac751e34487dbbe027c4fd7f8e99","false","1","RUB421401409","spotify:user:sebastianelisapfeifer","2018-09-10T11:22:07Z"
"spotify:track:1qOVM9uo5a44KUrij5bsW5","Апрель","spotify:artist:2jkl2xJVm71azWAgZKyf42","Kino","spotify:album:6jRDBHMIDlq7IAfkS1nJki","Звезда по имени Солнце","spotify:artist:2jkl2xJVm71azWAgZKyf42","Kino","1989","https://i.scdn.co/image/ab67616d0000b273a7151d37c074c3a706e8efcc","1","9","281173","https://p.scdn.co/mp3-preview/573b1e5070386313e97b01b529228707a3764446?cid=9950ac751e34487dbbe027c4fd7f8e99","false","0","FR10S1780288","spotify:user:sebastianelisapfeifer","2018-09-10T11:22:21Z"
"spotify:track:2W42gM36h7qkfphcaq4L4o","Werewolf's Eyes","spotify:artist:7ChCUR65UlsW0rOeW8WWd1","Birch Book","spotify:album:5GzU0agmzhT6wU9xwfXo8c","Werewolf's Eyes","spotify:artist:7ChCUR65UlsW0rOeW8WWd1","Birch Book","2018-10-15","https://i.scdn.co/image/ab67616d0000b273e0528b1dc5e4ce0f3aea79fc","1","1","278093","https://p.scdn.co/mp3-preview/cae8ce6a2c184fe34c7b323bfef9437f7b966d7f?cid=9950ac751e34487dbbe027c4fd7f8e99","false","0","QZ22B2010897","spotify:user:sebastianelisapfeifer","2019-03-19T11:28:14Z"
"spotify:track:3dCP7RktPbImVtXnpKEU0e","The Trip Goes On","spotify:artist:7ChCUR65UlsW0rOeW8WWd1","Birch Book","spotify:album:1fCJGUFEGUGio62eCPQkrq","Fortune & Folly, Vol. II","spotify:artist:7ChCUR65UlsW0rOeW8WWd1","Birch Book","2006-05-17","https://i.scdn.co/image/ab67616d0000b273ed761701aa30970fa671d7d1","1","9","436933","https://p.scdn.co/mp3-preview/df25f16b8c2d87d3063a795a7d6f17e8fff8b918?cid=9950ac751e34487dbbe027c4fd7f8e99","false","0","QZ22B1859983","spotify:user:sebastianelisapfeifer","2019-03-19T11:32:00Z"
"spotify:track:7zFnsVYhx8RD42GFeV1jeq","Feet of Clay","spotify:artist:7ChCUR65UlsW0rOeW8WWd1","Birch Book","spotify:album:6eQuiDP0inuGutwR68nIxk","A Hand Full of Days (Vol. III)","spotify:artist:7ChCUR65UlsW0rOeW8WWd1","Birch Book","2009-10-10","https://i.scdn.co/image/ab67616d0000b27394d5d8a8658c03c103667b09","1","2","211493","https://p.scdn.co/mp3-preview/d7b956081598bb4fd25761b69090c3683eccdefa?cid=9950ac751e34487dbbe027c4fd7f8e99","false","0","QZ22B1859962","spotify:user:sebastianelisapfeifer","2019-03-19T11:40:36Z"
"spotify:track:7sIen5lN007BvJqcPfmU3O","500 Miles","spotify:artist:7uhvDINTTiD0XBrP9fquN1","The Hooters","spotify:album:3mrMSvqfIJJbTQW7AV1ng1","500 Miles","spotify:artist:7uhvDINTTiD0XBrP9fquN1","The Hooters","2003-04-14","https://i.scdn.co/image/ab67616d0000b2734ce6cba01772a335d181b039","1","3","260880","https://p.scdn.co/mp3-preview/0dc10b84f217306aa78d6de4eb3923fcd00763ca?cid=9950ac751e34487dbbe027c4fd7f8e99","false","40","USSM18900046","spotify:user:sebastianelisapfeifer","2019-04-02T15:51:19Z"
"spotify:track:31v2AQlx4pDI7kmnLxBkem","Mmm Mmm Mmm Mmm","spotify:artist:1YEGETLT2p8k97LIo3deHL","Crash Test Dummies","spotify:album:03dlqdFWY9gwJxGl3AREVy","God Shuffled His Feet","spotify:artist:1YEGETLT2p8k97LIo3deHL","Crash Test Dummies","1993-04-05","https://i.scdn.co/image/ab67616d0000b273df9d39dded05faa9ed520ca6","1","3","235173","https://p.scdn.co/mp3-preview/9c0f2b94c3c85fc12c085e439ac0d8c8fef096fe?cid=9950ac751e34487dbbe027c4fd7f8e99","false","69","CAA359300084","spotify:user:sebastianelisapfeifer","2019-04-02T15:51:19Z"
"spotify:track:5MxNLUsfh7uzROypsoO5qe","Dream On","spotify:artist:7Ey4PD4MYsKc5I2dolUwbH","Aerosmith","spotify:album:19lEZSnCCbVEkKchoPQWDZ","Aerosmith","spotify:artist:7Ey4PD4MYsKc5I2dolUwbH","Aerosmith","1973-01-05","https://i.scdn.co/image/ab67616d0000b273b11078ee23dcd99e085ac33e","1","3","266960","https://p.scdn.co/mp3-preview/b56a69c9cddc7358e940daa656a8dd5874e5f58f?cid=9950ac751e34487dbbe027c4fd7f8e99","false","14","USSM10011897","spotify:user:sebastianelisapfeifer","2019-04-02T15:51:19Z"
"spotify:track:3NH2FJUSV3HGXZRtOc3Uwj","Tangerine - Remaster","spotify:artist:36QJpDe2go2KgaRleHCDTp","Led Zeppelin","spotify:album:4xGEiQ7La4japmGrREeLlw","Led Zeppelin III (Deluxe Edition)","spotify:artist:36QJpDe2go2KgaRleHCDTp","Led Zeppelin","1970-10-05","https://i.scdn.co/image/ab67616d0000b2734f08944b5cb3be8ca14ba705","1","7","191827","https://p.scdn.co/mp3-preview/e731e8699f3142e417f4e14a9a6257a29d03f3c1?cid=9950ac751e34487dbbe027c4fd7f8e99","false","38","USAT21300940","spotify:user:sebastianelisapfeifer","2019-04-02T15:51:19Z"
"spotify:track:1kbh1aCdNRgqDn2WjeNidF","Boat On The River","spotify:artist:4salDzkGmfycRqNUbyBphh","Styx","spotify:album:6aR9Tlduck7C5shqttnhvK","Cornerstone","spotify:artist:4salDzkGmfycRqNUbyBphh","Styx","1979-01-01","https://i.scdn.co/image/ab67616d0000b2734d1e32e531e146de3eedc140","1","5","191200","https://p.scdn.co/mp3-preview/c05a885d1990b751eb813301756b4ff40fa4c361?cid=9950ac751e34487dbbe027c4fd7f8e99","false","0","USAM17902302","spotify:user:sebastianelisapfeifer","2019-04-02T15:51:19Z"
"spotify:track:6PcURcS1dxPlCFCO8ivCF1","Clarice","spotify:artist:35U9lQaRWSQISxQAB94Meo","America","spotify:album:0E5IKYhiKgbYQkmfsFonbZ","America","spotify:artist:35U9lQaRWSQISxQAB94Meo","America","1972","https://i.scdn.co/image/ab67616d0000b273ab3b105e28a0d26df5be8d16","1","10","241293","https://p.scdn.co/mp3-preview/cfee9848637976cece5eecd068ac81802cb41592?cid=9950ac751e34487dbbe027c4fd7f8e99","false","37","USWB10001098","spotify:user:sebastianelisapfeifer","2019-04-02T15:51:19Z"
"spotify:track:0QxCLD4xJlE8vv0Cvrb8TO","'74-'75","spotify:artist:3zAhmxuw1F3HmulPuy1RAb","The Connells","spotify:album:5OIi0lw57XjbP7JjD0uHuS","Ring","spotify:artist:3zAhmxuw1F3HmulPuy1RAb","The Connells","1993-01-01","https://i.scdn.co/image/ab67616d0000b273d58a4c6a01b39a4946119c24","1","3","278973","https://p.scdn.co/mp3-preview/807b3194e286fcfe51539d1af505121424daf22d?cid=9950ac751e34487dbbe027c4fd7f8e99","false","0","USRZ51010979","spotify:user:sebastianelisapfeifer","2019-04-02T15:51:19Z"
"spotify:track:5NTA3dsB2DlLaSG1KM6RTh","The River","spotify:artist:3eqjTLE0HfPfh78zjh6TqT","Bruce Springsteen","spotify:album:6AoxeGYGY2qSi8DwUQoGdx","The Essential Bruce Springsteen","spotify:artist:3eqjTLE0HfPfh78zjh6TqT","Bruce Springsteen","1973","https://i.scdn.co/image/ab67616d0000b273e3273732d40907eed4de4092","1","12","299866","https://p.scdn.co/mp3-preview/5769b865f7350a200c37cc3d485f6e46dafc9f17?cid=9950ac751e34487dbbe027c4fd7f8e99","false","0","USSM18000407","spotify:user:sebastianelisapfeifer","2019-04-02T15:51:19Z"
"spotify:track:2LkaNhCrNVmcYgXJeLVmsw","The Sound of Silence","spotify:artist:70cRZdQywnSFp9pnc2WTCE","Simon & Garfunkel","spotify:album:6aimJxDJMApLmry2VSjsLT","The Graduate","spotify:artist:70cRZdQywnSFp9pnc2WTCE","Simon & Garfunkel","1968-01-21","https://i.scdn.co/image/ab67616d0000b273172b67ed85f8899d5695752e","1","1","185440","https://p.scdn.co/mp3-preview/ce31ae784cc3a4a3958a6ae24e5a9d6d664b8508?cid=9950ac751e34487dbbe027c4fd7f8e99","false","1","USSM19918647","spotify:user:sebastianelisapfeifer","2019-04-02T15:51:19Z"
"spotify:track:67nTsWPn3c537zb96BUqjT","When the Children Cry - Original Studio Demo","spotify:artist:3nLYJvqbEzs5kg2TlprxIG","White Lion","spotify:album:1rGCEmoHd41BBDvUPQ1U23","Classic Rock Greats","spotify:artist:0LyfQWJT6nXafLPZqxe9Of","Verschiedene Interpreten","2009-12-01","https://i.scdn.co/image/ab67616d0000b273c1ccadcb47b03fcfacd92963","1","1","233028","https://p.scdn.co/mp3-preview/19e500572a67d6e65e5e7114f8d13bb2f0dd7b3c?cid=9950ac751e34487dbbe027c4fd7f8e99","false","7","USA370998917","spotify:user:sebastianelisapfeifer","2019-04-02T15:51:19Z"
"spotify:track:1T2JQwB8cKx1ieFeHaCzdd","Medley: Time After Time/Red Rain/So. Central Rain (I'm Sorry) - Live From Vara Radio, Utrecht, Holland/1987","spotify:artist:4KWTAlx2RvbpseOGMEmROg","R.E.M.","spotify:album:2y1UeJQy95zVxN8Y6IjUck","Document (The I.R.S. Years Vintage 1987)","spotify:artist:4KWTAlx2RvbpseOGMEmROg","R.E.M.","1987-09-01","https://i.scdn.co/image/ab67616d0000b2732bcbe76b87ea674356672e40","1","15","502573","https://p.scdn.co/mp3-preview/176dfd2c1254b39500cee22779f28f0f16c53534?cid=9950ac751e34487dbbe027c4fd7f8e99","false","9","USIR39200075","spotify:user:sebastianelisapfeifer","2019-04-02T15:51:19Z"
"spotify:track:19bnj2nnQhB4Voj8z2yUfx","The Park","spotify:artist:45O9BwPMyywM755SYUK0sP","Uriah Heep","spotify:album:4qjfyC33CgOk5uBp3qKtlh","Salisbury","spotify:artist:45O9BwPMyywM755SYUK0sP","Uriah Heep","1971","https://i.scdn.co/image/ab67616d0000b2734ebe5cd9e1cf809aaa9bd3a7","1","2","343893","https://p.scdn.co/mp3-preview/04a6ef8895504599dd75890f6d13efa364131e7c?cid=9950ac751e34487dbbe027c4fd7f8e99","false","0","USMR17187057","spotify:user:sebastianelisapfeifer","2019-04-02T15:51:19Z"
"spotify:track:3dd2uRlO7fEG5RKcadBYpJ","Hijo de la Luna","spotify:artist:1lVrgymnyAR40c556RIY5i","Stravaganzza","spotify:album:5YpRRBiPxwspla4MglEDSW","The Best Of...","spotify:artist:1lVrgymnyAR40c556RIY5i","Stravaganzza","2010","https://i.scdn.co/image/ab67616d0000b273b514f45792875886dcce99a6","1","4","292813","https://p.scdn.co/mp3-preview/03bbe54809fc1351c0814f5f7de3c8940defeb17?cid=9950ac751e34487dbbe027c4fd7f8e99","false","0","ES5620601682","spotify:user:sebastianelisapfeifer","2019-04-02T15:51:19Z"
"spotify:track:1Cj2vqUwlJVG27gJrun92y","The Sound of Silence","spotify:artist:3TOqt5oJwL9BE2NG9MEwDa","Disturbed","spotify:album:3qFQ4XNQ15alZrAaj5oGJK","Immortalized","spotify:artist:3TOqt5oJwL9BE2NG9MEwDa","Disturbed","2015-08-14","https://i.scdn.co/image/ab67616d0000b273d7bd0f8e4d2a399020b333e8","1","11","248466","https://p.scdn.co/mp3-preview/c7b31e975ada3394607f622548c08a348297981f?cid=9950ac751e34487dbbe027c4fd7f8e99","false","78","USRE11500180","spotify:user:sebastianelisapfeifer","2019-04-02T15:51:19Z"
"spotify:track:3JOVTQ5h8HGFnDdp4VT3MP","Mad World","spotify:artist:5oRnbmgqvvq7fVlgk4vcEa, spotify:artist:0RkqytrwoGyXGvDiZwT6i2","Gary Jules, Michael Andrews","spotify:album:1OydCrx4m7fguwcX4stR9z","Trading Snakeoil for Wolftickets","spotify:artist:5oRnbmgqvvq7fVlgk4vcEa","Gary Jules","2001-01-01","https://i.scdn.co/image/ab67616d0000b2737948eec521c67e76cafe30a0","1","11","189506","https://p.scdn.co/mp3-preview/e555b420f0d98816361cf4cdb81d08a070874e4b?cid=9950ac751e34487dbbe027c4fd7f8e99","false","69","USHM90699796","spotify:user:sebastianelisapfeifer","2019-04-02T15:51:19Z"
"spotify:track:0ox2hIM7BG4fcnu2kWPx0n","Melancholy Man","spotify:artist:5BcZ22XONcRoLhTbZRuME1","The Moody Blues","spotify:album:4riMkjLMLVVOMIp6Rp7kq1","A Question Of Balance (Expanded Edition)","spotify:artist:5BcZ22XONcRoLhTbZRuME1","The Moody Blues","1970-08-07","https://i.scdn.co/image/ab67616d0000b273119bd3e388db2ca55c1d7123","1","9","345346","https://p.scdn.co/mp3-preview/6d39991e39c4e85b8c07133292d17ddb78da6d04?cid=9950ac751e34487dbbe027c4fd7f8e99","false","0","GBA177000100","spotify:user:sebastianelisapfeifer","2019-04-02T15:51:19Z"
"spotify:track:1cCaFCpZ8FKdLalzLWrklQ","California Dreamin' - Single Version","spotify:artist:1bs7HoMkSyQwcobCpE9KpN","The Mamas & The Papas","spotify:album:62mXUmDITTTj1GhSRj6pMK","60's Gold","spotify:artist:0LyfQWJT6nXafLPZqxe9Of","Verschiedene Interpreten","2006-01-01","https://i.scdn.co/image/ab67616d0000b273651cbdcf9eeb06261814714b","1","19","159226","https://p.scdn.co/mp3-preview/477cb2926471cf7e4cd35d7d0af97f9d70efe6a1?cid=9950ac751e34487dbbe027c4fd7f8e99","false","0","USMC16532697","spotify:user:sebastianelisapfeifer","2019-04-02T15:51:19Z"
"spotify:track:0JtcFIgrkSagrM5JdFakeO","When A Blind Man Cries - Remastered","spotify:artist:568ZhdwyaiCyOGJRtNYhWf","Deep Purple","spotify:album:32NQ56VZDTXSH3SMv4XSGN","Machine Head (Remastered)","spotify:artist:568ZhdwyaiCyOGJRtNYhWf","Deep Purple","1972-03-25","https://i.scdn.co/image/ab67616d0000b273a729c9c3dec04b99d889c66f","1","8","209246","https://p.scdn.co/mp3-preview/2764d68c0db2ff84e3ebc67267bd38fed5947f97?cid=9950ac751e34487dbbe027c4fd7f8e99","false","62","GBDXG1200009","spotify:user:sebastianelisapfeifer","2019-04-02T15:51:19Z"
"spotify:track:1lB0JD5eevA3aiKlrrY0Ti","1959 - 2006 Remaster","spotify:artist:4HxBVyHaUa60eCSsJWxwWR","Sisters of Mercy","spotify:album:7eLzF93T0FDx4hkuQ4juEj","Floodland (2006 Remaster; Expanded Deluxe Version)","spotify:artist:4HxBVyHaUa60eCSsJWxwWR","Sisters of Mercy","1987","https://i.scdn.co/image/ab67616d0000b2735dce0574efb7374e210ddf48","1","4","250439","https://p.scdn.co/mp3-preview/efdc53766f1edf8fed2c029a4f1cf9e2aeb59c60?cid=9950ac751e34487dbbe027c4fd7f8e99","false","14","GBAHS0600501","spotify:user:sebastianelisapfeifer","2019-04-02T15:51:19Z"
"spotify:track:5xS9hkTGfxqXyxX6wWWTt4","Mary Jane's Last Dance","spotify:artist:4tX2TplrkIP4v05BNC903e","Tom Petty and the Heartbreakers","spotify:album:6E2lDnV61v2HJaNCjLgOIg","Greatest Hits","spotify:artist:4tX2TplrkIP4v05BNC903e","Tom Petty and the Heartbreakers","1993-11-16","https://i.scdn.co/image/ab67616d0000b2737acd9268bbb13eff5eb65c23","1","18","272133","https://p.scdn.co/mp3-preview/be0def4ad5842afde18b1d54891020564b235db2?cid=9950ac751e34487dbbe027c4fd7f8e99","false","0","USMC19341704","spotify:user:sebastianelisapfeifer","2019-04-02T15:51:19Z"
"spotify:track:4fXGWiVhlOLdhwRDP6pIFG","Lemon Tree","spotify:artist:0jRqFvRKCDryHOgrgFqsKG","Fools Garden","spotify:album:1l2SxZKUm1UH45qUqpLfYH","Dish Of The Day","spotify:artist:0jRqFvRKCDryHOgrgFqsKG","Fools Garden","1995-01-01","https://i.scdn.co/image/ab67616d0000b273c06a4ba9d947dbf4ef143190","1","3","191026","https://p.scdn.co/mp3-preview/c0727bb5b3d094a8fe164a8b003625345a4c2409?cid=9950ac751e34487dbbe027c4fd7f8e99","false","3","DEAF70927221","spotify:user:sebastianelisapfeifer","2019-04-10T12:24:28Z"
"spotify:track:7sZUHAC6nadme4EwrLe99Q","Summertime Sadness","spotify:artist:00FQb4jTyendYWaN8pK0wa","Lana Del Rey","spotify:album:5h5XOo9ZoMhKA4uu0NXiD7","Born To Die","spotify:artist:00FQb4jTyendYWaN8pK0wa","Lana Del Rey","2012-01-30","https://i.scdn.co/image/ab67616d0000b273144b68ab879368681e505466","1","11","264773","https://p.scdn.co/mp3-preview/d3686407a39dd37ed06cb878ee3b2e44077da7f6?cid=9950ac751e34487dbbe027c4fd7f8e99","false","62","GBUM71111565","spotify:user:sebastianelisapfeifer","2019-04-17T10:46:38Z"
"spotify:track:5vx2ZSxHZdU1uayazjICOr","Someday the Rains Will Fall","spotify:artist:3lPQ2Fk5JOwGWAF3ORFCqH","John Mellencamp","spotify:album:576fyLLci8j617RWwYX54O","Ncis: The Official Tv Soundtrack - Vol. 2","spotify:artist:0LyfQWJT6nXafLPZqxe9Of","Verschiedene Interpreten","2009-11-02","https://i.scdn.co/image/ab67616d0000b273cd64c8e03698db0e6d6d0563","1","6","272613","https://p.scdn.co/mp3-preview/c4db93c66650730c56beb42a944c6004131c0d59?cid=9950ac751e34487dbbe027c4fd7f8e99","false","12","USYLB0900406","spotify:user:sebastianelisapfeifer","2019-04-17T18:15:59Z"
"spotify:track:66hJA4BVyNNbIotopEOx2w","Don't Cry Sister","spotify:artist:06nsZ3qSOYZ2hPVIMcr1IN","J.J. Cale","spotify:album:5sqREH3ug2XM5F7Y23v2fP","Classic J.J. Cale - The Universal Masters Collection","spotify:artist:06nsZ3qSOYZ2hPVIMcr1IN","J.J. Cale","1999-01-01","https://i.scdn.co/image/ab67616d0000b27309493e1b05ec0bf6aee40dc2","1","10","130919","https://p.scdn.co/mp3-preview/ad6fe66738bf9bb08974d7f268b19141b1999bc7?cid=9950ac751e34487dbbe027c4fd7f8e99","false","24","NLF057990025","spotify:user:sebastianelisapfeifer","2019-05-11T11:35:06Z"
"spotify:track:3pQLUiwNGnDZeJWicg42LP","White Angel","spotify:artist:7ChCUR65UlsW0rOeW8WWd1","Birch Book","spotify:album:6eQuiDP0inuGutwR68nIxk","A Hand Full of Days (Vol. III)","spotify:artist:7ChCUR65UlsW0rOeW8WWd1","Birch Book","2009-10-10","https://i.scdn.co/image/ab67616d0000b27394d5d8a8658c03c103667b09","1","10","293573","https://p.scdn.co/mp3-preview/8ac44dd98dc203bc0e3bcc6bea3cc4e0fb2157ea?cid=9950ac751e34487dbbe027c4fd7f8e99","false","0","QZ22B1859970","spotify:user:sebastianelisapfeifer","2019-06-19T12:15:33Z"
"spotify:track:38LgksKBjt5aes7nlOXPIL","Fairytale Gone Bad","spotify:artist:1osZFzamKEXNoYk7HzWbDe","Sunrise Avenue","spotify:album:6rlpsXl58kjJ05m0KFuqwm","On The Way To Wonderland","spotify:artist:1osZFzamKEXNoYk7HzWbDe","Sunrise Avenue","2006-01-01","https://i.scdn.co/image/ab67616d0000b27303b249b225d1a40ee61aa123","1","4","213133","https://p.scdn.co/mp3-preview/fba6f26c72376b1cfd9d7e6aa88f31d41f384378?cid=9950ac751e34487dbbe027c4fd7f8e99","false","59","FIB3A0600009","spotify:user:sebastianelisapfeifer","2019-06-28T16:33:14Z"
"spotify:track:2WRaH67caslkj50Tj7zXW0","Johnny B.","spotify:artist:7uhvDINTTiD0XBrP9fquN1","The Hooters","spotify:album:7GAPNLIESOf9BtPaXHY0Ey","One Way Home","spotify:artist:7uhvDINTTiD0XBrP9fquN1","The Hooters","1987","https://i.scdn.co/image/ab67616d0000b273be127745dc23ededb57dcd9b","1","3","239266","https://p.scdn.co/mp3-preview/020286fdac2b6e3941d07c32faf65fc9804e023e?cid=9950ac751e34487dbbe027c4fd7f8e99","false","43","USSM10017661","spotify:user:sebastianelisapfeifer","2019-08-02T20:47:14Z"
"spotify:track:06sczcKPSvaXCONXTLoNNj","I Bet It Rains","spotify:artist:2XnSrmHiLL93a0r6FhSkYU","The Base","spotify:album:4VYgwBhKrI2DLiTIO41Vch","Where Is My Weather","spotify:artist:2XnSrmHiLL93a0r6FhSkYU","The Base","2015-03-27","https://i.scdn.co/image/ab67616d0000b27389c08b3e8450623779aeae1c","1","7","287981","https://p.scdn.co/mp3-preview/e293bfc2ef459777d3198eba829d65771ee6d248?cid=9950ac751e34487dbbe027c4fd7f8e99","false","0","ATKB31508307","spotify:user:sebastianelisapfeifer","2019-10-14T18:32:11Z"
"spotify:track:0AfIsqZ4gTUg9CwwW2jLeK","Bother","spotify:artist:49qiE8dj4JuNdpYGRPdKbF","Stone Sour","spotify:album:1zxVmbhE7PevJT8Z6w6upn","Stone Sour","spotify:artist:49qiE8dj4JuNdpYGRPdKbF","Stone Sour","2002-08-19","https://i.scdn.co/image/ab67616d0000b273d2b113d2a75b3168ed9675e3","1","8","240400","https://p.scdn.co/mp3-preview/b68bc282a64a6b19c67d70daf9cc619e2c88cd95?cid=9950ac751e34487dbbe027c4fd7f8e99","true","68","NLA320219861","spotify:user:sebastianelisapfeifer","2019-11-29T23:54:51Z"
"spotify:track:02wWugZopNahlikfX5vm3F","Snuff","spotify:artist:05fG473iIaoy82BF1aGhL8","Slipknot","spotify:album:4vD8PvUW4UfSL9K4CspEzv","All Hope Is Gone","spotify:artist:05fG473iIaoy82BF1aGhL8","Slipknot","2008-08-22","https://i.scdn.co/image/ab67616d0000b273ab3905dc81892ec0de89e091","1","11","276146","https://p.scdn.co/mp3-preview/ba0267aa7cbded813b752570471288e32614ae6a?cid=9950ac751e34487dbbe027c4fd7f8e99","false","38","NLA320887000","spotify:user:sebastianelisapfeifer","2019-11-29T23:55:16Z"
"spotify:track:4OMu5a8sFpcRCPCcsoEaov","Babe I'm Gonna Leave You - 1990 Remaster","spotify:artist:36QJpDe2go2KgaRleHCDTp","Led Zeppelin","spotify:album:3ycjBixZf7S3WpC5WZhhUK","Led Zeppelin","spotify:artist:36QJpDe2go2KgaRleHCDTp","Led Zeppelin","1969-01-12","https://i.scdn.co/image/ab67616d0000b2736f2f499c1df1f210c9b34b32","1","2","401066","https://p.scdn.co/mp3-preview/a8e3880460bab38cda1247a9d34152d985388336?cid=9950ac751e34487dbbe027c4fd7f8e99","false","69","USAT29900535","spotify:user:sebastianelisapfeifer","2020-01-12T22:17:37Z"
"spotify:track:3D1Xnj2Q7oh7Vz3RH9fDvC","Nights In White Satin - Single Version","spotify:artist:5BcZ22XONcRoLhTbZRuME1","The Moody Blues","spotify:album:10ilfLRzXiF7M4ZTVvPyob","The Very Best Of The Moody Blues","spotify:artist:5BcZ22XONcRoLhTbZRuME1","The Moody Blues","2014-01-01","https://i.scdn.co/image/ab67616d0000b2739a48405b700e89d5225f69c1","1","3","265626","https://p.scdn.co/mp3-preview/d220d8b0f67bd8c565689f50cd92cbcd1ed52d60?cid=9950ac751e34487dbbe027c4fd7f8e99","false","51","GBA176700080","spotify:user:sebastianelisapfeifer","2020-01-16T21:34:20Z"
"spotify:track:6HSXNV0b4M4cLJ7ljgVVeh","Knockin' On Heaven's Door","spotify:artist:74ASZWbe4lXaubB36ztrGX","Bob Dylan","spotify:album:2Pj2kZM5XpyIeyFBTAVulL","Pat Garrett & Billy The Kid (Soundtrack From The Motion Picture)","spotify:artist:74ASZWbe4lXaubB36ztrGX","Bob Dylan","1973-07-13","https://i.scdn.co/image/ab67616d0000b2736c86683d20c72e3874c11c6d","1","7","149880","https://p.scdn.co/mp3-preview/b1fb2e0d90764724242501e5a0c3c2393698d499?cid=9950ac751e34487dbbe027c4fd7f8e99","false","84","USSM11304547","spotify:user:sebastianelisapfeifer","2020-01-16T21:38:59Z"
"spotify:track:7AOwexG6AtkrmI7kdacXvQ","Rainbow Eyes","spotify:artist:6SLAMfhOi7UJI0fMztaK0m","Rainbow","spotify:album:56JX1fNOjTa7Bj7G18nxSq","Long Live Rock N Roll (Deluxe Edition)","spotify:artist:6SLAMfhOi7UJI0fMztaK0m","Rainbow","1978","https://i.scdn.co/image/ab67616d0000b273b475f1f6fc613cb5bd90a3e8","1","8","441560","https://p.scdn.co/mp3-preview/8c2beb97570c766c8b05560ffec1c3ba650083d0?cid=9950ac751e34487dbbe027c4fd7f8e99","false","43","USPR37887031","spotify:user:sebastianelisapfeifer","2020-01-21T22:43:54Z"
"spotify:track:0nLiqZ6A27jJri2VCalIUs","Nothing Else Matters","spotify:artist:2ye2Wgw4gimLv2eAKyk1NB","Metallica","spotify:album:2Kh43m04B1UkVcpcRa1Zug","Metallica","spotify:artist:2ye2Wgw4gimLv2eAKyk1NB","Metallica","1991-08-12","https://i.scdn.co/image/ab67616d0000b273cf84c5b276431b473e924802","1","8","388266","https://p.scdn.co/mp3-preview/adcce97eb806b9bcf80b585dc9b5f126b9b7740d?cid=9950ac751e34487dbbe027c4fd7f8e99","false","64","GBF089190020","spotify:user:sebastianelisapfeifer","2020-01-28T00:01:53Z"
"spotify:track:5zCzkiBuv4AQ5MFL5c8GrN","Spancilhill","spotify:artist:3Ebn7mKYzD0L3DaUB1gNJZ","Christy Moore","spotify:album:2dPHQqJI79mQkXCgfBWAvA","Magic Nights","spotify:artist:3Ebn7mKYzD0L3DaUB1gNJZ","Christy Moore","2019-11-22","https://i.scdn.co/image/ab67616d0000b273f68de864d3942b1861029cfb","1","13","324240","https://p.scdn.co/mp3-preview/fb35d4635ba2a10f22867800bbede066b0f8bfea?cid=9950ac751e34487dbbe027c4fd7f8e99","false","42","IEAQO1900017","spotify:user:sebastianelisapfeifer","2020-01-30T00:42:44Z"
"spotify:track:4DjZtPbf11p7FIyY3XGUyv","Another Man's Cause - Remastered Version","spotify:artist:1TrwMxRrrlk0hZxJkw4jUF","Levellers","spotify:album:5p6ntndL3u8MM0mxXuVusu","Levelling The Land (Remastered Version)","spotify:artist:1TrwMxRrrlk0hZxJkw4jUF","Levellers","1991-10-07","https://i.scdn.co/image/ab67616d0000b27371059670358583c37a95a5e9","1","8","275626","https://p.scdn.co/mp3-preview/6a61ac8c02df9f32d9ee9242af99856339d9fbc4?cid=9950ac751e34487dbbe027c4fd7f8e99","false","37","GBAHS0700416","spotify:user:sebastianelisapfeifer","2020-01-30T01:10:02Z"
"spotify:track:4MzySNjSdv9ZegSD13IVNV","Wicked Game - Recorded Live at St Canice Cathedral, Kilkenny","spotify:artist:7FDlvgcodNfC0IBdWevl4u","James Vincent McMorrow","spotify:album:164gSCRcFEEn9mxV5hGyn8","Wicked Game (Recorded Live at St Canice Cathedral, Kilkenny)","spotify:artist:7FDlvgcodNfC0IBdWevl4u","James Vincent McMorrow","2016","https://i.scdn.co/image/ab67616d0000b273539fcb735ac334d6fd57f373","1","1","271405","https://p.scdn.co/mp3-preview/24d62fe7307a3df51a43a04875dff0ea24db7da1?cid=9950ac751e34487dbbe027c4fd7f8e99","false","63","IEDNV1100040","spotify:user:sebastianelisapfeifer","2020-01-30T01:13:20Z"
"spotify:track:6UFhNbE4sLRUoM52kC4Xl4","Wicked Game - Acoustic; Live","spotify:artist:49qiE8dj4JuNdpYGRPdKbF","Stone Sour","spotify:album:5eHk89PNorMd7e4wyxYiUV","Come What(ever) May [Special Edition]","spotify:artist:49qiE8dj4JuNdpYGRPdKbF","Stone Sour","2006-07-24","https://i.scdn.co/image/ab67616d0000b273e78ef6e896eded654f4e5a52","1","17","267253","https://p.scdn.co/mp3-preview/a6008cbc7d0a84def7a935480e120ac5df018d8e?cid=9950ac751e34487dbbe027c4fd7f8e99","false","47","NLA320784286","spotify:user:sebastianelisapfeifer","2020-01-30T01:15:05Z"
"spotify:track:0GzNE0vnQ7n8BjQVcihJuS","Love Her","spotify:artist:6B5c4sch27tWHAGdarpPaW","Seether","spotify:album:5qHjA0aU9vt9c2UwDeEGjS","Disclaimer II","spotify:artist:6B5c4sch27tWHAGdarpPaW","Seether","2004-01-01","https://i.scdn.co/image/ab67616d0000b27386482d4f400fa77a4fdb94e7","1","15","251466","https://p.scdn.co/mp3-preview/697ad0359a73fa5402b90b3231f1cc3adaf92d52?cid=9950ac751e34487dbbe027c4fd7f8e99","false","0","USWU30400082","spotify:user:sebastianelisapfeifer","2020-01-30T01:15:12Z"
"spotify:track:17bpU2xSlJFRLY3KVb7Sou","You And Your Friend","spotify:artist:0WwSkZ7LtFUFjGjMZBMt6T","Dire Straits","spotify:album:104hTimjqMxVk3qH8Nf7I4","On Every Street (Remastered)","spotify:artist:0WwSkZ7LtFUFjGjMZBMt6T","Dire Straits","1991-09-10","https://i.scdn.co/image/ab67616d0000b273c323e230ab6e2f538d2987ad","1","6","359093","https://p.scdn.co/mp3-preview/473847b48b2d0c604f8884280fdcc5c75211f302?cid=9950ac751e34487dbbe027c4fd7f8e99","false","0","GBF089601056","spotify:user:sebastianelisapfeifer","2020-01-30T01:17:04Z"
"spotify:track:76aadnUFFANRNDs6L3aqxw","Through Glass","spotify:artist:49qiE8dj4JuNdpYGRPdKbF","Stone Sour","spotify:album:5eHk89PNorMd7e4wyxYiUV","Come What(ever) May [Special Edition]","spotify:artist:49qiE8dj4JuNdpYGRPdKbF","Stone Sour","2006-07-24","https://i.scdn.co/image/ab67616d0000b273e78ef6e896eded654f4e5a52","1","8","282946","https://p.scdn.co/mp3-preview/4c5bb5bb898c30d9d69c92558cf4b2f612c30034?cid=9950ac751e34487dbbe027c4fd7f8e99","false","52","NLA320682289","spotify:user:sebastianelisapfeifer","2020-04-29T18:01:16Z"
"spotify:track:7wqF3BU0ykeKch6BcNqGiT","Planet Caravan","spotify:artist:5M52tdBnJaKSvOpJGz8mfZ","Black Sabbath","spotify:album:132qAo1cDiEJdA3fv4xyNK","Paranoid (2009 Remastered Version)","spotify:artist:5M52tdBnJaKSvOpJGz8mfZ","Black Sabbath","1970-09-18","https://i.scdn.co/image/ab67616d0000b2739683e5d7361bb80bfb00f46d","1","3","269533","https://p.scdn.co/mp3-preview/135655d39bac1e4a8b3704a7ad67652fe30846a8?cid=9950ac751e34487dbbe027c4fd7f8e99","false","1","GBAJE7000084","spotify:user:sebastianelisapfeifer","2020-05-31T22:48:14Z"
"spotify:track:69ZEgPX0hxWXJIqkTlYz41","Iridescent","spotify:artist:6XyY86QOPPrYVGvF9ch6wz","Linkin Park","spotify:album:5uvXx5ZQswNRFCdHR521YZ","A Thousand Suns","spotify:artist:6XyY86QOPPrYVGvF9ch6wz","Linkin Park","2010-09-08","https://i.scdn.co/image/ab67616d0000b27359211e56a493ac4509457bab","1","12","296560","https://p.scdn.co/mp3-preview/aca779504cfce7dd19c63c8001dd7d00e366b449?cid=9950ac751e34487dbbe027c4fd7f8e99","false","65","USWB11001855","spotify:user:sebastianelisapfeifer","2020-06-04T22:57:23Z"
"spotify:track:6jzWyXK9O7DoNWYRN99NMV","Private Investigations - Edit","spotify:artist:0WwSkZ7LtFUFjGjMZBMt6T","Dire Straits","spotify:album:0eB4vHv83yYk1pMim2NIar","The Best of Dire Straits & Mark Knopfler - Private Investigations (Limited Edition)","spotify:artist:0FI0kxP0BWurTz8cB8BBug, spotify:artist:0WwSkZ7LtFUFjGjMZBMt6T","Mark Knopfler, Dire Straits","2005-11-07","https://i.scdn.co/image/ab67616d0000b27311cd3607f236dd71b56b1029","1","6","357447","https://p.scdn.co/mp3-preview/650d420d6a58fb0f90743dd47daee4c468b23875?cid=9950ac751e34487dbbe027c4fd7f8e99","false","29","GBF088200888","spotify:user:sebastianelisapfeifer","2020-06-15T18:08:02Z"
"spotify:track:60ifqqPhbselSwXyGrGyMK","Soldier Of Fortune - 2009 Digital Remaster","spotify:artist:568ZhdwyaiCyOGJRtNYhWf","Deep Purple","spotify:album:3k4Sw1t7tzEaE0LAR1J4YU","Stormbringer (Remastered)","spotify:artist:568ZhdwyaiCyOGJRtNYhWf","Deep Purple","1974-11","https://i.scdn.co/image/ab67616d0000b2737e8f0ab9b3854380da1ba1da","1","9","204880","https://p.scdn.co/mp3-preview/d90589dd5f23860c35d5a39ba1179c75273beabd?cid=9950ac751e34487dbbe027c4fd7f8e99","false","63","GBDXG0800006","spotify:user:sebastianelisapfeifer","2020-06-15T18:26:11Z"
"spotify:track:5Znjkt0glryVNrpOj8Zv9d","Swing Life Away","spotify:artist:6Wr3hh341P84m3EI8qdn9O","Rise Against","spotify:album:1KZGuujnfwHjZ48hxCbhHk","Siren Song Of The Counter-Culture (Japan Version / International Version)","spotify:artist:6Wr3hh341P84m3EI8qdn9O","Rise Against","2004-01-01","https://i.scdn.co/image/ab67616d0000b273a08040cea390772b39c3d96b","1","11","200066","https://p.scdn.co/mp3-preview/955bf331ffa2d35ab351b57c68b70e460fb17738?cid=9950ac751e34487dbbe027c4fd7f8e99","false","0","USDW10400796","spotify:user:sebastianelisapfeifer","2020-06-15T18:37:47Z"
"spotify:track:3ZffCQKLFLUvYM59XKLbVm","Wake Me up When September Ends","spotify:artist:7oPftvlwr6VrsViSDV7fJY","Green Day","spotify:album:5dN7F9DV0Qg1XRdIgW8rke","American Idiot","spotify:artist:7oPftvlwr6VrsViSDV7fJY","Green Day","2004-09-21","https://i.scdn.co/image/ab67616d0000b27308a1b1e0674086d3f1995e1b","1","7","285653","https://p.scdn.co/mp3-preview/acf215c01932347394d036999c4f0f12e9fcb66a?cid=9950ac751e34487dbbe027c4fd7f8e99","false","81","USRE10400992","spotify:user:sebastianelisapfeifer","2020-06-15T18:38:14Z"
"spotify:track:4dDZyGxClFiOBUjcpxhXWg","Hurt","spotify:artist:6kACVPfCOnqzgfEF5ryl0x","Johnny Cash","spotify:album:218N0eGIlNwU5vwW0FzUJu","Unearthed","spotify:artist:6kACVPfCOnqzgfEF5ryl0x","Johnny Cash","2003","https://i.scdn.co/image/ab67616d0000b273c1ecd34fcdff996f60939262","5","15","216533","https://p.scdn.co/mp3-preview/778e8f805c27e2bbcab877fd8e54fdaaed70e8c6?cid=9950ac751e34487dbbe027c4fd7f8e99","false","0","USDJ20200650","spotify:user:sebastianelisapfeifer","2020-06-15T20:20:25Z"
"spotify:track:4jNpNhrUPYCSJ3WsDmgB1d","Пачка сигарет","spotify:artist:4dngB44yGo3ErubxhE1bUW, spotify:artist:2jkl2xJVm71azWAgZKyf42","Viktor Tsoi, Kino","spotify:album:2qh8PG3QrOXUjvcuIk15Ei","Виктор Цой и Группа Кино. Полная Дискография","spotify:artist:4dngB44yGo3ErubxhE1bUW, spotify:artist:2jkl2xJVm71azWAgZKyf42","Viktor Tsoi, Kino","2016-04-28","https://i.scdn.co/image/ab67616d0000b2736bf5bca641d03644f0bf09b8","1","56","268000","https://p.scdn.co/mp3-preview/4815be21dcea98dd5842de7a00d76c5fabbfd00a?cid=9950ac751e34487dbbe027c4fd7f8e99","false","0","TCACO1604946","spotify:user:sebastianelisapfeifer","2020-06-15T20:25:15Z"
"spotify:track:0tKTIca4Digkp12oFfoyhf","Ride Across The River","spotify:artist:0WwSkZ7LtFUFjGjMZBMt6T","Dire Straits","spotify:album:15J400U0rEpgE64UQgtvLs","Brothers In Arms","spotify:artist:0WwSkZ7LtFUFjGjMZBMt6T","Dire Straits","1985-05-13","https://i.scdn.co/image/ab67616d0000b273995239a0e35a898037ec4b29","1","6","424600","https://p.scdn.co/mp3-preview/5b98ee135e8c802558a2467920030c9db9f26053?cid=9950ac751e34487dbbe027c4fd7f8e99","false","0","GBF088500678","spotify:user:sebastianelisapfeifer","2020-06-19T00:18:30Z"
"spotify:local:Julian+W.:42:Wir+bleiben+stumm:184","Wir bleiben stumm","","Julian W.","","42","","","","","0","0","184000","","false","0","","spotify:user:sebastianelisapfeifer","2020-08-11T20:41:10Z"
"spotify:track:2Yc2mIi2E573hu6IzuC0fW","Time After Time Etc. - Live","spotify:artist:4KWTAlx2RvbpseOGMEmROg","R.E.M.","spotify:album:1XNRNBMc4gQixYIz2oc2k4","Complete Rarities - I.R.S. 1982-1987","spotify:artist:4KWTAlx2RvbpseOGMEmROg","R.E.M.","2014-01-01","https://i.scdn.co/image/ab67616d0000b273e0ac5e8ac8c88d92548c7cbd","2","25","502693","https://p.scdn.co/mp3-preview/a4f5885b1078a60c580d63fac74f8d6e027f9244?cid=9950ac751e34487dbbe027c4fd7f8e99","false","9","USIR39200075","spotify:user:sebastianelisapfeifer","2020-08-12T16:16:25Z"
"spotify:track:0TIgFxRBOvWG3cXkeHLPve","The One I Love - Live","spotify:artist:4KWTAlx2RvbpseOGMEmROg","R.E.M.","spotify:album:1XNRNBMc4gQixYIz2oc2k4","Complete Rarities - I.R.S. 1982-1987","spotify:artist:4KWTAlx2RvbpseOGMEmROg","R.E.M.","2014-01-01","https://i.scdn.co/image/ab67616d0000b273e0ac5e8ac8c88d92548c7cbd","2","22","246586","https://p.scdn.co/mp3-preview/2522f189e62a601cc0164ca6e4e353f701d1187f?cid=9950ac751e34487dbbe027c4fd7f8e99","false","0","USIR39700002","spotify:user:sebastianelisapfeifer","2020-08-12T16:17:13Z"
"spotify:track:6zeE5tKyr8Nu882DQhhSQI","Dust in the Wind","spotify:artist:2hl0xAkS2AIRAu23TVMBG1","Kansas","spotify:album:6oU298pdPTCQnMx1PYwyUA","Point Of Know Return (Expanded Edition)","spotify:artist:2hl0xAkS2AIRAu23TVMBG1","Kansas","1977","https://i.scdn.co/image/ab67616d0000b27359f0f56a7cd13526b5b4204c","1","7","206266","https://p.scdn.co/mp3-preview/ddfc248171b5199053bafdefbc94ab5b335faa48?cid=9950ac751e34487dbbe027c4fd7f8e99","false","82","USSM10103196","spotify:user:sebastianelisapfeifer","2020-08-12T16:18:07Z"
"spotify:track:6nyuIyl9Egt0fb7O5AqGmf","Death and Beyond","spotify:artist:6gXQ857xw6Eb1v5MxCngFj","My Brother The Wind","spotify:album:5V7G7PWJ0tzFGQr4JRqf4N","Twilight in the Crystal Cabinet","spotify:artist:6gXQ857xw6Eb1v5MxCngFj","My Brother The Wind","2010-06-21","https://i.scdn.co/image/ab67616d0000b2736364555131d1ad5e8e817a51","1","6","1007173","https://p.scdn.co/mp3-preview/87b763a25f240d72089fe7e68da53340df730ec0?cid=9950ac751e34487dbbe027c4fd7f8e99","false","6","SEWXU1000706","spotify:user:sebastianelisapfeifer","2020-08-12T16:43:00Z"
"spotify:track:6BL4PpswVjH9BAajbIbpmZ","Tomorrow Comes Today","spotify:artist:3AA28KZvwAUcZuOKwyblJQ","Gorillaz","spotify:album:4tUxQkrduOE8sfgwJ5BI2F","Gorillaz","spotify:artist:3AA28KZvwAUcZuOKwyblJQ","Gorillaz","2001-03-26","https://i.scdn.co/image/ab67616d0000b273f6c46838e4425ea96e2562fe","1","3","193600","https://p.scdn.co/mp3-preview/85f528d710e6cf2cd1f69c09197e67facb629dfc?cid=9950ac751e34487dbbe027c4fd7f8e99","false","62","GBAYE0000724","spotify:user:sebastianelisapfeifer","2020-09-05T08:00:56Z"
"spotify:track:4xfT6cr90fQu26YMYDdknY","Cat's in the Cradle (Acoustic)","spotify:artist:3XsgWn63EnA4wYZBjVyxjf","Ugly Kid Joe","spotify:album:5r428Zd8MJJsdP2ctbEKuC","Stairway to Hell","spotify:artist:3XsgWn63EnA4wYZBjVyxjf","Ugly Kid Joe","2017-08-04","https://i.scdn.co/image/ab67616d0000b2736edf34f2ecf9eeedf06dc6a0","1","7","250693","https://p.scdn.co/mp3-preview/0e7741d2d28a539902aa7a3f8a771f958bde7d02?cid=9950ac751e34487dbbe027c4fd7f8e99","false","50","TCADF1714553","spotify:user:sebastianelisapfeifer","2020-09-24T20:01:25Z"
"spotify:track:4JMRpe5sUhYjOlf0JE4BT8","A Feast of Friends","spotify:artist:1QB4oo4JbSRdxNyidIuD0W","Jim Morrison","spotify:album:7qj6lZyChZxDGAqzTArHHQ","An American Prayer","spotify:artist:22WZ7M8sxp5THdruNY3gXt","The Doors","1978","https://i.scdn.co/image/ab67616d0000b2735ff547366ddaa4cd104388b9","1","20","130573","https://p.scdn.co/mp3-preview/beaada180e836b016db32fe934a017cebf8dc99a?cid=9950ac751e34487dbbe027c4fd7f8e99","false","53","USEE10100418","spotify:user:sebastianelisapfeifer","2020-10-12T16:51:43Z"
"spotify:track:4aJvenrBmIUFtIknWqT5eS","Headstones","spotify:artist:13ltbymjg9upz4wOoF5TTs","Lake Of Tears","spotify:album:0DgXl7IYGAZI5KrpU38SxK","Headstones","spotify:artist:13ltbymjg9upz4wOoF5TTs","Lake Of Tears","1995-01-01","https://i.scdn.co/image/ab67616d0000b27301f9180105b1dba0b2e8181e","1","6","315800","https://p.scdn.co/mp3-preview/64f48d50dfd551061cb23f32086745de047e7ff2?cid=9950ac751e34487dbbe027c4fd7f8e99","false","0","SEXHQ9500706","spotify:user:sebastianelisapfeifer","2020-10-18T21:28:35Z"
"spotify:track:1NAg4r8oHMEzZLqPxWKUc5","Scarborough Fair","spotify:artist:63qODcvBCdG2kTguOJkEqJ","Leaves' Eyes","spotify:album:4AFO4Z3R6GvUNcMgu64QAh","Njord","spotify:artist:63qODcvBCdG2kTguOJkEqJ","Leaves' Eyes","2009-01-01","https://i.scdn.co/image/ab67616d0000b2732507f4d2894c5d2245bb2548","1","5","244253","https://p.scdn.co/mp3-preview/503fa8a91e04f04ccfc62446cae1396260d77a97?cid=9950ac751e34487dbbe027c4fd7f8e99","false","0","ATN260930405","spotify:user:sebastianelisapfeifer","2020-10-18T21:31:19Z"
"spotify:track:1VNWaY3uNfoeWqb5U8x2QX","Lonely Day","spotify:artist:5eAWCfyUhZtHHtBdNk56l1","System Of A Down","spotify:album:3QxX3NbWyLlLG6lP1xveL3","Hypnotize","spotify:artist:5eAWCfyUhZtHHtBdNk56l1","System Of A Down","2005-11-22","https://i.scdn.co/image/ab67616d0000b273f5e7b2e5adaa87430a3eccff","1","11","167906","https://p.scdn.co/mp3-preview/578e8890a2f1e3f61007394f18a76114eb121a8c?cid=9950ac751e34487dbbe027c4fd7f8e99","false","83","USSM10505340","spotify:user:sebastianelisapfeifer","2020-10-18T21:31:31Z"
"spotify:track:1qDrWA6lyx8cLECdZE7TV7","Somebody That I Used To Know","spotify:artist:2AsusXITU8P25dlRNhcAbG, spotify:artist:6hk7Yq1DU9QcCCrz9uc0Ti","Gotye, Kimbra","spotify:album:4G2rJNhsKOE6iHgtUqZ0Ye","Making Mirrors","spotify:artist:2AsusXITU8P25dlRNhcAbG","Gotye","2011-01-01","https://i.scdn.co/image/ab67616d0000b2738ac5768205ad97df3f4f4c0e","1","3","244884","https://p.scdn.co/mp3-preview/1aef7cbb23dc624ad90c5660d84062d1f77783c0?cid=9950ac751e34487dbbe027c4fd7f8e99","false","84","AUZS21100040","spotify:user:sebastianelisapfeifer","2020-10-23T05:49:22Z"
"spotify:track:1bKQ48M9onID2kbSpRy8kK","Send Me An Angel","spotify:artist:27T030eWyCQRmDyuvr1kxY","Scorpions","spotify:album:3dLKM8bD8R3H3XnSOXGjTF","Crazy World","spotify:artist:27T030eWyCQRmDyuvr1kxY","Scorpions","1990-01-01","https://i.scdn.co/image/ab67616d0000b273787674b6a114f98cad6f834b","1","11","273333","https://p.scdn.co/mp3-preview/73021b3822bcf7d0c1270b8f9b68cf78f0cb2005?cid=9950ac751e34487dbbe027c4fd7f8e99","false","75","USPG19090044","spotify:user:sebastianelisapfeifer","2020-11-05T20:58:52Z"
"spotify:track:0cKk8BKEi7zXbdrYdyqBP5","Behind Blue Eyes","spotify:artist:67ea9eGLXYMsO2eYQRui3w","The Who","spotify:album:5MqyhhHbT13zsloD3uHhlQ","Who's Next (Deluxe Edition)","spotify:artist:67ea9eGLXYMsO2eYQRui3w","The Who","1971-08-14","https://i.scdn.co/image/ab67616d0000b273fe24dcd263c08c6dd84b6e8c","1","8","221426","https://p.scdn.co/mp3-preview/a7a933c901d2ac0333650a5aa5d3766106b8753b?cid=9950ac751e34487dbbe027c4fd7f8e99","false","72","GBAKW7100099","spotify:user:sebastianelisapfeifer","2020-11-05T20:59:18Z"
"spotify:track:2FPHOduj8yJPDOadAOqVm5","All I Need","spotify:artist:3hE8S8ohRErocpkY7uJW4a","Within Temptation","spotify:album:7BVYAnGLAZF7SFYYl4Zh8t","The Heart Of Everything","spotify:artist:3hE8S8ohRErocpkY7uJW4a","Within Temptation","2007-03-12","https://i.scdn.co/image/ab67616d0000b2731383e5d25662386027c24485","1","9","290773","https://p.scdn.co/mp3-preview/d7c7481ada4c7c87b98e17f8cb697aa3932a0dae?cid=9950ac751e34487dbbe027c4fd7f8e99","false","0","NLR260600020","spotify:user:sebastianelisapfeifer","2020-11-05T21:03:57Z"
"spotify:track:25QjyhQVQEKgEr0X5osvLF","Звезда","spotify:artist:2jkl2xJVm71azWAgZKyf42","Kino","spotify:album:0dAJ7fyyz2KhILFw83qYjK","Последние записи","spotify:artist:2jkl2xJVm71azWAgZKyf42","Kino","2002-01-01","https://i.scdn.co/image/ab67616d0000b273a058faf6c6df8c75e95b1b0f","1","7","270933","https://p.scdn.co/mp3-preview/6d7985611d9a756c74bcc7cba1ec0562e70029e5?cid=9950ac751e34487dbbe027c4fd7f8e99","false","0","RUB421401393","spotify:user:sebastianelisapfeifer","2020-11-08T22:04:15Z"
"spotify:track:5oGQJaBnAo6y5q3YCLxVv2","Кукушка","spotify:artist:2jkl2xJVm71azWAgZKyf42","Kino","spotify:album:0dAJ7fyyz2KhILFw83qYjK","Последние записи","spotify:artist:2jkl2xJVm71azWAgZKyf42","Kino","2002-01-01","https://i.scdn.co/image/ab67616d0000b273a058faf6c6df8c75e95b1b0f","1","8","344922","https://p.scdn.co/mp3-preview/ee77240c299df4ad298fc5e2fd2d5e8fc628b7d4?cid=9950ac751e34487dbbe027c4fd7f8e99","false","0","RUB421401377","spotify:user:sebastianelisapfeifer","2020-11-08T22:04:24Z"
"spotify:track:7qeqZ6ml20pLjlaRyoS5fb","Нам с тобой","spotify:artist:2jkl2xJVm71azWAgZKyf42","Kino","spotify:album:0dAJ7fyyz2KhILFw83qYjK","Последние записи","spotify:artist:2jkl2xJVm71azWAgZKyf42","Kino","2002-01-01","https://i.scdn.co/image/ab67616d0000b273a058faf6c6df8c75e95b1b0f","1","6","311345","https://p.scdn.co/mp3-preview/72ea916ec51ccea07e660a64881d26e47b893c84?cid=9950ac751e34487dbbe027c4fd7f8e99","false","0","RUB421401381","spotify:user:sebastianelisapfeifer","2020-11-08T22:04:32Z"
"spotify:track:3gsCAGsWr6pUm1Vy7CPPob","Killing Me Softly With His Song","spotify:artist:0W498bDDNlJIrYMKXdpLHA","Roberta Flack","spotify:album:4GxrvKiysSiDU1HHifh1PA","Killing Me Softly","spotify:artist:0W498bDDNlJIrYMKXdpLHA","Roberta Flack","1973-01-01","https://i.scdn.co/image/ab67616d0000b2737ff730d1580c27bc461d0ccf","1","1","286920","https://p.scdn.co/mp3-preview/86f729251aeaa50bbbb8c022de6861091c0cb180?cid=9950ac751e34487dbbe027c4fd7f8e99","false","76","USAT29901394","spotify:user:sebastianelisapfeifer","2020-11-08T22:06:23Z"
"spotify:track:11bD1JtSjlIgKgZG2134DZ","Chasing Cars","spotify:artist:3rIZMv9rysU7JkLzEaC5Jp","Snow Patrol","spotify:album:6fb7z9rBdrjzpBTg1R1Bwp","Eyes Open","spotify:artist:3rIZMv9rysU7JkLzEaC5Jp","Snow Patrol","2006-01-01","https://i.scdn.co/image/ab67616d0000b27315a6fad25bd729dc98799b90","1","3","267933","https://p.scdn.co/mp3-preview/fac686f4d67453548876570e48d99ad32b181294?cid=9950ac751e34487dbbe027c4fd7f8e99","false","9","GBUM70600345","spotify:user:sebastianelisapfeifer","2020-11-15T14:20:15Z"
"spotify:track:0y1eaipbcP50xp6WLgJtuv","Solitude","spotify:artist:5M52tdBnJaKSvOpJGz8mfZ","Black Sabbath","spotify:album:3kBG6q0aXKxzn01wKTwZr5","Master of Reality (2009 Remastered Version)","spotify:artist:5M52tdBnJaKSvOpJGz8mfZ","Black Sabbath","1971-07-21","https://i.scdn.co/image/ab67616d0000b273b7ec2b4b9c76b3b737990a42","1","7","301640","https://p.scdn.co/mp3-preview/19d1a4f07338a418a20026f1e47a252a507c9a29?cid=9950ac751e34487dbbe027c4fd7f8e99","false","0","GBAJE7100088","spotify:user:sebastianelisapfeifer","2020-11-15T14:24:10Z"
"spotify:track:3XC7Jd6SfrQYKZJ6inyRHK","House of the Rising Sun","spotify:artist:3ICflSq6ZgYAIrm2CTkfVP","The Animals","spotify:album:0Vhk3dVT59LnhwSHFXLIXA","Most of the Animals","spotify:artist:3ICflSq6ZgYAIrm2CTkfVP","The Animals","1992-02-24","https://i.scdn.co/image/ab67616d0000b273128b823a82be808648739034","1","1","269906","https://p.scdn.co/mp3-preview/4d753f2d9dcaf048ba216a6bd10bea25473b47d5?cid=9950ac751e34487dbbe027c4fd7f8e99","false","64","GBAYE6400209","spotify:user:sebastianelisapfeifer","2020-11-15T14:26:58Z"
"spotify:track:21ArH0yPNZGmhRWoY2AcX6","Mittwinter","spotify:artist:0Cni0xa5WxWoLWOjUKRhsW","Nebelung","spotify:album:6n4To1qZJDV7wQqdN87keP","Palingenesis","spotify:artist:0Cni0xa5WxWoLWOjUKRhsW","Nebelung","2014-02-18","https://i.scdn.co/image/ab67616d0000b27332e5028d12f8b0c0ecee934b","1","1","363200","https://p.scdn.co/mp3-preview/bb46c363de110e49863341343c37ed15ca2844d4?cid=9950ac751e34487dbbe027c4fd7f8e99","false","25","USME31304151","spotify:user:sebastianelisapfeifer","2020-11-15T23:07:51Z"
"spotify:track:5tIrD0mbCodnWfLziVAYZo","12 Cents (feat. Tim Wheater)","spotify:artist:3XsgWn63EnA4wYZBjVyxjf, spotify:artist:0ssEvpvYjgC4bGHtIPXWK6","Ugly Kid Joe, Tim Wheater","spotify:album:35jT7xx73FcYxeBjCoBaFD","Motel California","spotify:artist:3XsgWn63EnA4wYZBjVyxjf","Ugly Kid Joe","1996","https://i.scdn.co/image/ab67616d0000b273e9e28faf339cc13f1b13dea3","1","12","294906","https://p.scdn.co/mp3-preview/46420094993b2d602060fcf0465e807298b69a5d?cid=9950ac751e34487dbbe027c4fd7f8e99","false","15","TCABS1347378","spotify:user:sebastianelisapfeifer","2020-11-15T23:13:53Z"
"spotify:track:7aE5WXu5sFeNRh3Z05wwu4","Wish You Were Here - 2011 Remaster","spotify:artist:0k17h0D3J5VfsdmQ1iZtE9","Pink Floyd","spotify:album:6uvBKDGlJAYLH5Vy6RQVsc","Wish You Were Here (Remastered Version)","spotify:artist:0k17h0D3J5VfsdmQ1iZtE9","Pink Floyd","1975-09-12","https://i.scdn.co/image/ab67616d0000b273df3aa3f27dfda3285ca7a2e5","1","4","304200","https://p.scdn.co/mp3-preview/ace33309bca1e3ac88057307ab71a843a0581933?cid=9950ac751e34487dbbe027c4fd7f8e99","false","20","GBN9Y1100088","spotify:user:sebastianelisapfeifer","2020-11-15T23:18:31Z"
"spotify:track:34u3Bj1KVxKWfA07yDJ2vG","Wicked Game","spotify:artist:7290H8m1Dwt8G7jm1y9CQx","Chris Isaak","spotify:album:7DJNtoXELIm2KIhEpZfEv0","Heart Shaped World","spotify:artist:7290H8m1Dwt8G7jm1y9CQx","Chris Isaak","1989-06-13","https://i.scdn.co/image/ab67616d0000b2736b6995fba53788a27e7b720d","1","5","289066","https://p.scdn.co/mp3-preview/116da575b713d8fe2c698dbb3bbd31c065bff4c3?cid=9950ac751e34487dbbe027c4fd7f8e99","false","0","USRE19900989","spotify:user:sebastianelisapfeifer","2020-11-15T23:20:31Z"
"spotify:track:3geRffSf6eAruhg23RkpKV","Drive","spotify:artist:4KWTAlx2RvbpseOGMEmROg","R.E.M.","spotify:album:0BiNb8HYR4JvuxUa31Z58Q","Automatic For The People","spotify:artist:4KWTAlx2RvbpseOGMEmROg","R.E.M.","1992-10-05","https://i.scdn.co/image/ab67616d0000b273ace3e7aae0b7c78bbe1c4f35","1","1","271333","https://p.scdn.co/mp3-preview/dc3e8976a6bf79ddc79c59768e69437a5c1d5b6c?cid=9950ac751e34487dbbe027c4fd7f8e99","false","66","USWB19901545","spotify:user:sebastianelisapfeifer","2020-11-16T16:03:44Z"
"spotify:track:0oNiYKgINhqhPuwE9LTlj1","Changes","spotify:artist:2RTUTCvo6onsAnheUk3aL9","3 Doors Down","spotify:album:72olNArm75vOycSziqIX9Y","Away From The Sun","spotify:artist:2RTUTCvo6onsAnheUk3aL9","3 Doors Down","2002-11-12","https://i.scdn.co/image/ab67616d0000b27383c39b0d32eb4a2064e1e228","1","9","236866","https://p.scdn.co/mp3-preview/7da34dc1da7a0f61110f1e66b937827402da701b?cid=9950ac751e34487dbbe027c4fd7f8e99","false","53","USUR10200767","spotify:user:sebastianelisapfeifer","2020-11-28T22:34:19Z"
"spotify:track:4vKKyZ3AaaP1WzdayW0Koo","I Feel You","spotify:artist:2RTUTCvo6onsAnheUk3aL9","3 Doors Down","spotify:album:72olNArm75vOycSziqIX9Y","Away From The Sun","spotify:artist:2RTUTCvo6onsAnheUk3aL9","3 Doors Down","2002-11-12","https://i.scdn.co/image/ab67616d0000b27383c39b0d32eb4a2064e1e228","1","7","247173","https://p.scdn.co/mp3-preview/650798179cab6f53bf6e96aa075403da8d8a755e?cid=9950ac751e34487dbbe027c4fd7f8e99","false","44","USUR10200765","spotify:user:sebastianelisapfeifer","2020-11-28T22:36:48Z"
"spotify:track:5RHzy5k81c8HA8g6UwLsr2","House Of The Rising Sun","spotify:artist:60cGRl68qyCBMqZi3tiHEU","Walls of Jericho","spotify:album:6ovGRgT6kVQMS41i2h58RS","Redemption","spotify:artist:60cGRl68qyCBMqZi3tiHEU","Walls of Jericho","2008-04-29","https://i.scdn.co/image/ab67616d0000b273ee1112cc7f1e74705b3688de","1","4","250800","https://p.scdn.co/mp3-preview/721d786b64d727e84f98609ed6166ffaa6b0cbf1?cid=9950ac751e34487dbbe027c4fd7f8e99","false","32","US3440811304","spotify:user:sebastianelisapfeifer","2020-11-28T22:45:25Z"
"spotify:track:1w2xkyHwYwU9YlBNEYCn8y","Inner War","spotify:artist:66g3ybCzTYusaxjoARIBEw","The Rodeo","spotify:album:5WK7YkUhPpahrSZcYAbU40","La Musica Del Diavolo","spotify:artist:66g3ybCzTYusaxjoARIBEw","The Rodeo","2015-03-02","https://i.scdn.co/image/ab67616d0000b273234eeaa5828b76e0f9204b18","1","10","284958","https://p.scdn.co/mp3-preview/a81ddafc350eb700c9a87e819b307e97ab49cc63?cid=9950ac751e34487dbbe027c4fd7f8e99","false","19","FR5R00909238","spotify:user:sebastianelisapfeifer","2020-12-04T10:23:07Z"
"spotify:track:2WpmMlS6Tr01C7UNFjQI3U","Under a Violet Moon","spotify:artist:5BnNG7QQQDTNd43ozx5y13","Blackmore's Night","spotify:album:7ABHTEqZ5mYVKN3yaKtVV5","Under a Violet Moon","spotify:artist:5BnNG7QQQDTNd43ozx5y13","Blackmore's Night","1999-04-19","https://i.scdn.co/image/ab67616d0000b273e4827eb7694cc9a6ec6027b3","1","1","263466","https://p.scdn.co/mp3-preview/c96e80af95beae259ccb026f69eff92710440827?cid=9950ac751e34487dbbe027c4fd7f8e99","false","0","DEZ901000288","spotify:user:sebastianelisapfeifer","2020-12-04T10:26:30Z"
"spotify:track:1FJBPuVMG4XkKIpE7tmhDm","I Hold You","spotify:artist:0YN64WuO9KaKCUbTx8hNd0","CLANN","spotify:album:79RlsOpY6dmBLnYiHb8zaK","Seelie","spotify:artist:0YN64WuO9KaKCUbTx8hNd0","CLANN","2017-12-01","https://i.scdn.co/image/ab67616d0000b273edcf47b73864d841fa4edc56","1","10","550000","https://p.scdn.co/mp3-preview/60f7b3462c322812f5e0ed391dced1b193e181c1?cid=9950ac751e34487dbbe027c4fd7f8e99","false","0","CAU111705729","spotify:user:sebastianelisapfeifer","2020-12-04T10:28:44Z"
"spotify:track:4NFzce1mEWP01qTtHhsmgo","Grave Digger","spotify:artist:5AVBFCn4Hq4KY2Xjc5Gj4y","Blues Saraceno","spotify:album:5YDSZWizEYBsXgk6kwxvMn","Dark Country 3","spotify:artist:0LyfQWJT6nXafLPZqxe9Of","Verschiedene Interpreten","2014-05-06","https://i.scdn.co/image/ab67616d0000b273bf9da76c22d39a86a0984da8","1","3","215328","https://p.scdn.co/mp3-preview/7a0f598cbeb11ab6dd60b356f848595ee4b52a8b?cid=9950ac751e34487dbbe027c4fd7f8e99","false","0","GBBPP1407203","spotify:user:sebastianelisapfeifer","2020-12-04T10:36:53Z"
"spotify:track:5v6rbV1MrykBerQQwDgz1a","When The May Rain Comes","spotify:artist:7vF3DcPluq6lZI36VniagW","Current 93","spotify:album:4hiIUmsshIAGoCFvaUs3od","Thunder Perfect Mind","spotify:artist:7vF3DcPluq6lZI36VniagW","Current 93","1992","https://i.scdn.co/image/ab67616d0000b2732507e252641c391b7db5f1e9","1","12","204213","https://p.scdn.co/mp3-preview/cb726bc6e04f1a1492b1e2b2462687724c6d0953?cid=9950ac751e34487dbbe027c4fd7f8e99","false","20","USDB70500083","spotify:user:sebastianelisapfeifer","2020-12-04T10:41:57Z"
"spotify:track:1RxZBxHrE5fnnORJiRk901","Please Don't Judas Me","spotify:artist:6fvN9GmMCVKb5LY0WsnjFP","Nazareth","spotify:album:5naYBHiMro7E0MVPmhhYHP","Hair of the Dog","spotify:artist:6fvN9GmMCVKb5LY0WsnjFP","Nazareth","1975-04-01","https://i.scdn.co/image/ab67616d0000b2730ae5a97717f7518505b3b45f","1","7","584160","https://p.scdn.co/mp3-preview/20e42e16322e42beb29ab107f917c2aa0e879546?cid=9950ac751e34487dbbe027c4fd7f8e99","false","0","GBCBR0402269","spotify:user:sebastianelisapfeifer","2020-12-04T10:43:07Z"
"spotify:track:1NWdXHk8pfO08l8aLFggya","Radio","spotify:artist:11YTrgsi6VjRCkExQBY13k","Wise Guys","spotify:album:7cYuoCcRsKGyYlmfHS4ivN","Das Beste komplett","spotify:artist:11YTrgsi6VjRCkExQBY13k","Wise Guys","2016-11-18","https://i.scdn.co/image/ab67616d0000b2736de6cd7718546804c756a359","1","5","239080","https://p.scdn.co/mp3-preview/cf4b11c9992f0756f369445ef342effa5001b46c?cid=9950ac751e34487dbbe027c4fd7f8e99","false","14","DED190600003","spotify:user:sebastianelisapfeifer","2020-12-08T21:30:21Z"
"spotify:track:6Lo1WLiGG9asMjrkjxlfSI","Fjara","spotify:artist:721C5U5rM8J0jjq6IQuSBK","Sólstafir","spotify:album:6F2tCttIOIJzvlK4f6SE40","Svartir Sandar","spotify:artist:721C5U5rM8J0jjq6IQuSBK","Sólstafir","2012-11-11","https://i.scdn.co/image/ab67616d0000b273fea1a5006d4539169a259a36","1","2","399706","https://p.scdn.co/mp3-preview/42b7f788f3f9a236fe3f21e16ecbc3212e933543?cid=9950ac751e34487dbbe027c4fd7f8e99","false","42","FR33T1124702","spotify:user:sebastianelisapfeifer","2020-12-17T19:33:06Z"
"spotify:track:1GcVa4jFySlun4jLSuMhiq","Angie - Remastered 2009","spotify:artist:22bE4uQ6baNwSHPVcDxLCe","The Rolling Stones","spotify:album:6iVOz2hudE6dv5Yrcsw2c9","Goats Head Soup (Remastered 2009)","spotify:artist:22bE4uQ6baNwSHPVcDxLCe","The Rolling Stones","1973-08-31","https://i.scdn.co/image/ab67616d0000b273fa3c4374e2cdd3cc1636c79b","1","5","272000","https://p.scdn.co/mp3-preview/e956dbcf6232ee5d1fb9ace688ce332b22f15a63?cid=9950ac751e34487dbbe027c4fd7f8e99","false","76","GBUM70909413","spotify:user:sebastianelisapfeifer","2020-12-25T13:26:27Z"
"spotify:track:42xxNZR6BzeLuDBjyyqGFr","Poor Man's Moody Blues","spotify:artist:2pVMD4bFwl4AyoYyyo51Qg","Barclay James Harvest","spotify:album:0p6ZIhZDrDG73xK5zz74wO","Gone To Earth","spotify:artist:2pVMD4bFwl4AyoYyyo51Qg","Barclay James Harvest","1977","https://i.scdn.co/image/ab67616d0000b2731f5993921e74409e3fb99104","1","4","417586","https://p.scdn.co/mp3-preview/da7a418a181b4c0f9f75963a19e6a94a778f13ea?cid=9950ac751e34487dbbe027c4fd7f8e99","false","42","GBF067700040","spotify:user:sebastianelisapfeifer","2020-12-25T13:33:46Z"
"spotify:track:0q6LuUqGLUiCPP1cbdwFs3","On Melancholy Hill","spotify:artist:3AA28KZvwAUcZuOKwyblJQ","Gorillaz","spotify:album:2dIGnmEIy1WZIcZCFSj6i8","Plastic Beach","spotify:artist:3AA28KZvwAUcZuOKwyblJQ","Gorillaz","2010-03-03","https://i.scdn.co/image/ab67616d0000b273661d019f34569f79eae9e985","1","10","233866","https://p.scdn.co/mp3-preview/75a403bfee0fea05ed437b8e84ce4e8cbb8d5b62?cid=9950ac751e34487dbbe027c4fd7f8e99","false","84","GBAYE1000010","spotify:user:sebastianelisapfeifer","2020-12-25T13:40:12Z"
"spotify:track:5MxhDGnnq2ZY04I6R7pZqB","A Sad Song","spotify:artist:7nkLRaWHImCvWGHdNGnhVE","Ten Years After","spotify:album:5VwCG7vBwrZwMUGw33nPJV","Stonedhenge","spotify:artist:7nkLRaWHImCvWGHdNGnhVE","Ten Years After","1969-01","https://i.scdn.co/image/ab67616d0000b273f672b7db3278a9faf95dcd79","1","6","203053","https://p.scdn.co/mp3-preview/d0317cdb33d9a7f64e9e699091a43e6839503d76?cid=9950ac751e34487dbbe027c4fd7f8e99","false","14","GBF076820520","spotify:user:sebastianelisapfeifer","2020-12-25T13:41:02Z"
"spotify:track:7k34QyfOgHtJrDUwVfZaKe","Love Hurts","spotify:artist:3YcBF2ttyueytpXtEzn1Za","Incubus","spotify:album:3J1Y6lmVz386wWiBhZM1y3","Light Grenades","spotify:artist:3YcBF2ttyueytpXtEzn1Za","Incubus","2006-11-24","https://i.scdn.co/image/ab67616d0000b2738b4f1d68aed8b99f50f0026b","1","5","237066","https://p.scdn.co/mp3-preview/1d35ba108d0847ec06ebe1975cfed8e16c4b53d2?cid=9950ac751e34487dbbe027c4fd7f8e99","false","0","USSM10604653","spotify:user:sebastianelisapfeifer","2020-12-25T14:19:29Z"
"spotify:track:4LM3MtaBdn0bTZW1GqzRVd","Civil War","spotify:artist:3qm84nBOXUEQ2vnTfUTTFC","Guns N' Roses","spotify:album:5NL0MCTSbQtO13G62ofWAf","Use Your Illusion II","spotify:artist:3qm84nBOXUEQ2vnTfUTTFC","Guns N' Roses","1991-09-18","https://i.scdn.co/image/ab67616d0000b2733a188eee204abd8a9abdaf44","1","1","462093","https://p.scdn.co/mp3-preview/cad8fe33309ede089e3ecedd4b9edef5930c3360?cid=9950ac751e34487dbbe027c4fd7f8e99","false","0","USGF19142001","spotify:user:sebastianelisapfeifer","2021-01-02T00:40:25Z"
"spotify:track:5cYDScKe99M55PiBUk4yB2","Tears Of The Dragon","spotify:artist:7Iffw1nP3NjCWkRIx3Ily9","Bruce Dickinson","spotify:album:3JCP2KrQrwBhuNop2X4E9U","Balls To Picasso","spotify:artist:7Iffw1nP3NjCWkRIx3Ily9","Bruce Dickinson","1994-01-01","https://i.scdn.co/image/ab67616d0000b273f73bf6dfc53a4448bdb7cde0","1","10","384013","https://p.scdn.co/mp3-preview/47918e8a99fb4154b71f9e36e2dd03e43791f2e4?cid=9950ac751e34487dbbe027c4fd7f8e99","false","0","GBCUF9400020","spotify:user:sebastianelisapfeifer","2021-01-02T00:42:06Z"
"spotify:track:7LAMWRwGr88hM4FdctgpHn","Who's the One","spotify:artist:2qQeKHrQJHLLbvDAOSO874","Winger","spotify:album:5WY283VLgaWBfU5x3u3EBe","Pull","spotify:artist:2qQeKHrQJHLLbvDAOSO874","Winger","1993-04-27","https://i.scdn.co/image/ab67616d0000b273ea8485699386168439b93ca6","1","10","346600","https://p.scdn.co/mp3-preview/c6bff2b7754cddf9536f850224dfa48824a06fed?cid=9950ac751e34487dbbe027c4fd7f8e99","false","0","USAT20102818","spotify:user:sebastianelisapfeifer","2021-01-10T22:32:17Z"
"spotify:track:3dWNUqrgkQakv9fj5epwPK","Mama Said","spotify:artist:2ye2Wgw4gimLv2eAKyk1NB","Metallica","spotify:album:6ndH0UlQbyCOVqByMXXhdV","Load","spotify:artist:2ye2Wgw4gimLv2eAKyk1NB","Metallica","1996-01-01","https://i.scdn.co/image/ab67616d0000b273d691ec833eb067d9a9e4ded7","1","11","319693","https://p.scdn.co/mp3-preview/e9ee806071788b92b202326a06973149e4f4afca?cid=9950ac751e34487dbbe027c4fd7f8e99","false","61","GBAMC9600017","spotify:user:sebastianelisapfeifer","2021-02-21T21:25:08Z"
"spotify:track:5eReKc1D8ZQAg9kzQeHRdH","One","spotify:artist:6kACVPfCOnqzgfEF5ryl0x","Johnny Cash","spotify:album:2zCyI9fuV5JrQzrO3kMwbw","American III: Solitary Man","spotify:artist:6kACVPfCOnqzgfEF5ryl0x","Johnny Cash","2000-01-01","https://i.scdn.co/image/ab67616d0000b273c26357620e211089bf6b45e9","1","4","231866","https://p.scdn.co/mp3-preview/687c8f420a5bb663c6ec9b1532aba57ddcc61f34?cid=9950ac751e34487dbbe027c4fd7f8e99","false","60","USSM10014901","spotify:user:sebastianelisapfeifer","2021-02-21T21:25:20Z"
"spotify:track:3UMXhDBYe7eIXUe2HLUn0v","Solitary Man","spotify:artist:6kACVPfCOnqzgfEF5ryl0x","Johnny Cash","spotify:album:2zCyI9fuV5JrQzrO3kMwbw","American III: Solitary Man","spotify:artist:6kACVPfCOnqzgfEF5ryl0x","Johnny Cash","2000-01-01","https://i.scdn.co/image/ab67616d0000b273c26357620e211089bf6b45e9","1","2","143853","https://p.scdn.co/mp3-preview/7a3385af5a567daa97044863f93d052b91b7c573?cid=9950ac751e34487dbbe027c4fd7f8e99","false","56","USSM10014899","spotify:user:sebastianelisapfeifer","2021-03-12T23:34:29Z"
"spotify:track:6MKqed1tCXHRonfqhwPCET","When A Blind Man Cries","spotify:artist:2ye2Wgw4gimLv2eAKyk1NB","Metallica","spotify:album:4bcUiX49wpmDRhrC8TvDWV","Hardwired…To Self-Destruct (Deluxe)","spotify:artist:2ye2Wgw4gimLv2eAKyk1NB","Metallica","2016-11-18","https://i.scdn.co/image/ab67616d0000b273ee498e8074b8df8e375abe04","3","3","275013","https://p.scdn.co/mp3-preview/6eab15ff98049f8280dd740fd95ee5f1715ae124?cid=9950ac751e34487dbbe027c4fd7f8e99","false","46","QMKHM1600391","spotify:user:sebastianelisapfeifer","2021-03-12T23:35:27Z"
"spotify:local:Entertainment+for+the+Braindead:Pirates:Pirates:207","Pirates","","Entertainment for the Braindead","","Pirates","","","","","0","0","207000","","false","0","","spotify:user:sebastianelisapfeifer","2021-04-07T09:19:50Z"
"spotify:track:1r1fPuhj9H4VdXr7OK6FL5","CASTLE OF GLASS","spotify:artist:6XyY86QOPPrYVGvF9ch6wz","Linkin Park","spotify:album:4XHIjbhjRmqWlosjj5rqSI","LIVING THINGS","spotify:artist:6XyY86QOPPrYVGvF9ch6wz","Linkin Park","2012-06-19","https://i.scdn.co/image/ab67616d0000b273987fb4c5ec8790e9f637a4a4","1","6","205400","https://p.scdn.co/mp3-preview/4a1db9ba57b75cd319509e90d45045668ed3a575?cid=9950ac751e34487dbbe027c4fd7f8e99","false","77","USWB11200795","spotify:user:sebastianelisapfeifer","2021-07-18T18:50:40Z"
"spotify:track:3jCowIhDbYJxtLxlYdZCK9","The Shapes of Things to Come","spotify:artist:0FB0O0mXw6IVZtJ9x0dKoE","Sonne Hagal","spotify:album:79fqVdinPcr1FKmqu9ml9m","Ockerwasser","spotify:artist:0FB0O0mXw6IVZtJ9x0dKoE","Sonne Hagal","2014-09-30","https://i.scdn.co/image/ab67616d0000b2738425c9cd73fa8909f9b5b280","1","1","304560","https://p.scdn.co/mp3-preview/c9d247fcc66b91208899b3c336593321dd9ec664?cid=9950ac751e34487dbbe027c4fd7f8e99","false","27","QM7281459275","spotify:user:sebastianelisapfeifer","2021-07-18T19:26:22Z"
"spotify:track:7ERSQrRptZVM7q3VOdM7OL","Tubular Bells - Pt. I","spotify:artist:562Od3CffWedyz2BbeYWVn","Mike Oldfield","spotify:album:0a3YQpBnRzJzNktOjb6Dum","Tubular Bells","spotify:artist:562Od3CffWedyz2BbeYWVn","Mike Oldfield","1973-02-01","https://i.scdn.co/image/ab67616d0000b273631093c9071b1211de4be4c1","1","1","1561133","https://p.scdn.co/mp3-preview/2da01a5ad77fddb1bc2b0ed9e138a74eabe43333?cid=9950ac751e34487dbbe027c4fd7f8e99","false","51","GBUM70904642","spotify:user:sebastianelisapfeifer","2022-01-18T06:55:53Z"
"spotify:track:4b3khTm3ufGRTyZwuYdasn","Don't Let Me Go","spotify:artist:1QAJqy2dA3ihHBFIHRphZj","Cigarettes After Sex","spotify:album:4uQ5kFmXQdCxz3WvM4UUzy","Cry","spotify:artist:1QAJqy2dA3ihHBFIHRphZj","Cigarettes After Sex","2019-10-25","https://i.scdn.co/image/ab67616d0000b273fd275af89cec73d6287f9cbf","1","1","262560","https://p.scdn.co/mp3-preview/2a75d76b233ab985c783076d31d6bd64aea596dd?cid=9950ac751e34487dbbe027c4fd7f8e99","false","51","USBQU1900114","spotify:user:sebastianelisapfeifer","2022-01-24T16:54:54Z"
"spotify:track:6L5BZEcZmD6RBJnimzlyKr","Nights In White Satin - Single Version / Mono","spotify:artist:5BcZ22XONcRoLhTbZRuME1","The Moody Blues","spotify:album:3JyYXOBRAuc3XFQxFxrEcM","Days Of Future Passed (Deluxe Version)","spotify:artist:5BcZ22XONcRoLhTbZRuME1","The Moody Blues","1967-11-10","https://i.scdn.co/image/ab67616d0000b273ec351e05f8bcf97e7999ac64","2","16","269106","https://p.scdn.co/mp3-preview/a7d930084e33cc9a1f30142c7030f5fac8989637?cid=9950ac751e34487dbbe027c4fd7f8e99","false","68","GBBBA6760792","spotify:user:sebastianelisapfeifer","2022-03-08T14:09:31Z"
"spotify:track:3YRCqOhFifThpSRFJ1VWFM","November Rain","spotify:artist:3qm84nBOXUEQ2vnTfUTTFC","Guns N' Roses","spotify:album:0CxPbTRARqKUYighiEY9Sz","Use Your Illusion I","spotify:artist:3qm84nBOXUEQ2vnTfUTTFC","Guns N' Roses","1991-09-17","https://i.scdn.co/image/ab67616d0000b273e44963b8bb127552ac761873","1","10","536066","https://p.scdn.co/mp3-preview/98deb9c370bbaa350be058b3470fbe3bc1e28d9d?cid=9950ac751e34487dbbe027c4fd7f8e99","false","83","USGF19141510","spotify:user:sebastianelisapfeifer","2022-04-20T17:50:12Z"
"spotify:track:74D4H6tg3QnZ1SpEA9pjGk","Ashes","spotify:artist:5k979N1TnPncUyqlXlaRSv","The Longest Johns","spotify:album:23FGerfaTcQOlEdySv5Wdq","Cures What Ails Ya","spotify:artist:5k979N1TnPncUyqlXlaRSv","The Longest Johns","2020-06-10","https://i.scdn.co/image/ab67616d0000b2730e344b28681e6ee72eb67f78","1","6","201000","https://p.scdn.co/mp3-preview/fec67253310e522f017ff82b463c4e2ddce276b1?cid=9950ac751e34487dbbe027c4fd7f8e99","false","51","UKPGJ1800034","spotify:user:sebastianelisapfeifer","2022-06-07T20:01:58Z"
"spotify:track:6hHc7Pks7wtBIW8Z6A0iFq","Blue Monday","spotify:artist:0yNLKJebCb8Aueb54LYya3","New Order","spotify:album:6iHuSGy6pq4tNGFV3ZVPtl","Substance","spotify:artist:0yNLKJebCb8Aueb54LYya3","New Order","1987-08-17","https://i.scdn.co/image/ab67616d0000b2733c182241fcd86aeca2c68a63","1","4","449160","https://p.scdn.co/mp3-preview/19c24f4cdd0c5db0da1c9a791d045d89874e7666?cid=9950ac751e34487dbbe027c4fd7f8e99","false","74","GBAAP0001115","spotify:user:sebastianelisapfeifer","2022-06-22T11:00:22Z"
"spotify:track:14lDO5V0Ay0h1t8QTpbfi1","Sandman","spotify:artist:35U9lQaRWSQISxQAB94Meo","America","spotify:album:0E5IKYhiKgbYQkmfsFonbZ","America","spotify:artist:35U9lQaRWSQISxQAB94Meo","America","1972","https://i.scdn.co/image/ab67616d0000b273ab3b105e28a0d26df5be8d16","1","2","308600","https://p.scdn.co/mp3-preview/479a8f3b07752ab217d07261821a4ebf22a8848a?cid=9950ac751e34487dbbe027c4fd7f8e99","false","60","USWB10001092","spotify:user:sebastianelisapfeifer","2022-08-30T17:20:51Z"
"spotify:track:38aSHsidxA2XSE3tICQWNr","Euch zum Geleit","spotify:artist:388Jc5WX2TxTOgGwXidDM7","Schandmaul","spotify:album:4agvS3xuy9p0I7aDMQVFEp","Unendlich","spotify:artist:388Jc5WX2TxTOgGwXidDM7","Schandmaul","2014-01-01","https://i.scdn.co/image/ab67616d0000b273f3296fe96131451878759b9c","1","9","248920","https://p.scdn.co/mp3-preview/2b5dac0ae3d5c5e3e40cdd261d08ad806ae92610?cid=9950ac751e34487dbbe027c4fd7f8e99","false","0","DEUM71303729","spotify:user:sebastianelisapfeifer","2022-09-17T07:00:06Z"
"spotify:track:63oi8NBQSGPLy50s72jqY2","Borderline","spotify:artist:0Z1UczcSjwKNuv4HgdjH3b","The 69 Eyes","spotify:album:7h9JDNfFAG2OYhWmtpiTTU","X","spotify:artist:0Z1UczcSjwKNuv4HgdjH3b","The 69 Eyes","2012-10-01","https://i.scdn.co/image/ab67616d0000b273c3c57882bc3e02083c3cdc94","1","7","234120","https://p.scdn.co/mp3-preview/82b721197c3388a788e5deb5bc8124e729529a8b?cid=9950ac751e34487dbbe027c4fd7f8e99","false","0","FIHVA1200008","spotify:user:sebastianelisapfeifer","2022-10-01T21:52:12Z"
"spotify:track:37O5phPvMfJZBIscgXlw4a","Darker Still","spotify:artist:159qqlGwzE04xyqpfAwRLo","Parkway Drive","spotify:album:36McCMdCRYn5j6iSMiqdG4","Darker Still","spotify:artist:159qqlGwzE04xyqpfAwRLo","Parkway Drive","2022-09-09","https://i.scdn.co/image/ab67616d0000b273e4551f6b8bdde8aaeaed85cd","1","5","410773","https://p.scdn.co/mp3-preview/4dbb2a103558941b8423d15cca0087a2380861ea?cid=9950ac751e34487dbbe027c4fd7f8e99","false","54","USEP42215005","spotify:user:sebastianelisapfeifer","2023-01-08T13:43:35Z"
"spotify:track:6A1yZW5SLd9hpLZsG29hCQ","Let Me Go","spotify:artist:2RTUTCvo6onsAnheUk3aL9, spotify:artist:30I8GIK3UqVyAg58557mdJ","3 Doors Down, Jack Joseph Puig","spotify:album:22S5arZONb8LdaURbpzpDR","The Greatest Hits","spotify:artist:2RTUTCvo6onsAnheUk3aL9","3 Doors Down","2012-01-01","https://i.scdn.co/image/ab67616d0000b2738478a4997f9c8d1e197423c3","1","5","243053","https://p.scdn.co/mp3-preview/101b1f9c66620fa63037decd202a15206a521c79?cid=9950ac751e34487dbbe027c4fd7f8e99","false","59","USUM71213131","spotify:user:sebastianelisapfeifer","2023-01-22T20:34:08Z"
"spotify:track:2T7qBVh7t83ftoF4jr0fpN","Question","spotify:artist:45O9BwPMyywM755SYUK0sP","Uriah Heep","spotify:album:1vlJgDBxrlkcrfrJVxzfIK","Sonic Origami","spotify:artist:45O9BwPMyywM755SYUK0sP","Uriah Heep","2013","https://i.scdn.co/image/ab67616d0000b2737da3da57cd44d71e4ee15f3a","1","7","326826","https://p.scdn.co/mp3-preview/8daa8352ea9ad942d228452546cba36210c86e0b?cid=9950ac751e34487dbbe027c4fd7f8e99","false","14","GBL2D1200158","spotify:user:sebastianelisapfeifer","2023-01-25T22:44:44Z"
"spotify:track:507bYMYfbm6sUS9iEAaeSd","Broken","spotify:artist:6B5c4sch27tWHAGdarpPaW, spotify:artist:0fGVuq5ed21pM7iWwTcMyk","Seether, Amy Lee","spotify:album:1mMgrxFYBUMKANGbapmXxi","Disclaimer II","spotify:artist:6B5c4sch27tWHAGdarpPaW","Seether","2004-01-01","https://i.scdn.co/image/ab67616d0000b2732b08b69dddd1cb3976a9fa40","1","20","258333","https://p.scdn.co/mp3-preview/1bb7308aebd30a6e1a7b99af65289388e1c1d588?cid=9950ac751e34487dbbe027c4fd7f8e99","false","75","USWU30400017","spotify:user:sebastianelisapfeifer","2023-02-14T06:48:11Z"
"spotify:track:5vd1QZ0tdXOExiegC55IAS","Heart Of Gold","spotify:artist:6v8FB84lnmJs434UJf2Mrm","Neil Young","spotify:album:6AnpM7DFltgJLIjlToxYJ1","Eat, Pray, Love","spotify:artist:0LyfQWJT6nXafLPZqxe9Of","Verschiedene Interpreten","2010-01-01","https://i.scdn.co/image/ab67616d0000b273426288df0f8a68ea555c8d97","1","5","188440","https://p.scdn.co/mp3-preview/1b0682d65bc11e9f331414fc4e599d4b15dca23b?cid=9950ac751e34487dbbe027c4fd7f8e99","false","59","USRE19900182","spotify:user:sebastianelisapfeifer","2023-02-14T07:02:18Z"
"spotify:track:5GseYi9lNqIP2efO4VYrgT","Summerland","spotify:artist:5kL0FLCWlo2xLmyRI68bW4","Lunatic Soul","spotify:album:4S8YE4oWcqPOp1mLOTbP17","Lunatic Soul","spotify:artist:5kL0FLCWlo2xLmyRI68bW4","Lunatic Soul","2008-10-06","https://i.scdn.co/image/ab67616d0000b2730a360ab30152dde76e3e9fcf","1","4","299386","https://p.scdn.co/mp3-preview/950ebd651ec041a28de8969190320a789dc19a5e?cid=9950ac751e34487dbbe027c4fd7f8e99","false","24","GBCQV0802087","spotify:user:sebastianelisapfeifer","2023-02-16T21:17:41Z"
"spotify:track:1Vi0vbNXAvdMvRxgInOzz9","Sorry...","spotify:artist:4SAdMucvHyws4QTeAUsPtE","The Mission","spotify:album:48Sh060nVWaKOMxalZCFEc","Aura/aural Delight","spotify:artist:4SAdMucvHyws4QTeAUsPtE","The Mission","2014-11-28","https://i.scdn.co/image/ab67616d0000b27336ce26263a37ebc526e932e6","1","19","236011","https://p.scdn.co/mp3-preview/bdeb3a3b00677609e80f73a85bd3e9deb1719d56?cid=9950ac751e34487dbbe027c4fd7f8e99","false","0","DEA451408230","spotify:user:sebastianelisapfeifer","2023-02-16T22:08:40Z"
"spotify:track:2HpfuLlbbxuJH79fUi0KUX","Cinder Road - 2013 Remaster","spotify:artist:0LZtBVbX5gxfaoSWfOBWoZ","Ghost Dance","spotify:album:6VmhcQxnIX9KpD9eLG1G7y","Stop the World (Deluxe Edition) [2013 Remaster]","spotify:artist:0LZtBVbX5gxfaoSWfOBWoZ","Ghost Dance","1989-01-01","https://i.scdn.co/image/ab67616d0000b27328ebaeccaf32ce4a2269895b","1","4","332320","https://p.scdn.co/mp3-preview/809a360e8e087d425dbf8efa9696c1016bdd5c9c?cid=9950ac751e34487dbbe027c4fd7f8e99","false","11","GBAYK1300451","spotify:user:sebastianelisapfeifer","2023-03-05T21:51:31Z"
"spotify:track:2mxT8OWvZSjAzmYYGeBjoY","Trouble Is a Friend","spotify:artist:5g3uG8zZZANGT6YOssgjfC","Lenka","spotify:album:4RDt6hhOexGpinuMYkhpBE","Lenka (Expanded Edition)","spotify:artist:5g3uG8zZZANGT6YOssgjfC","Lenka","2008-09-23","https://i.scdn.co/image/ab67616d0000b27373828856d5bb812e8a5e66d5","1","8","215746","https://p.scdn.co/mp3-preview/e0c08c890b03dfdaa1b3fa362fd6d93d3cbae80e?cid=9950ac751e34487dbbe027c4fd7f8e99","false","60","USSM10803051","spotify:user:sebastianelisapfeifer","2023-05-07T05:08:40Z"
"spotify:track:6p6LQkPZFP8MLCFT1tRpZw","Heart Of Gold","spotify:artist:6kACVPfCOnqzgfEF5ryl0x","Johnny Cash","spotify:album:5xeMctXQWNmMq4aAjwuR3e","Unearthed","spotify:artist:6kACVPfCOnqzgfEF5ryl0x","Johnny Cash","2003-01-01","https://i.scdn.co/image/ab67616d0000b273b905a2b99e3510c2fd7d07c2","2","7","180960","https://p.scdn.co/mp3-preview/6a1fd419266a7ffde97e2ff8d6e8a047290abbf7?cid=9950ac751e34487dbbe027c4fd7f8e99","false","58","USDJ20301182","spotify:user:sebastianelisapfeifer","2023-10-02T05:42:37Z"
"spotify:track:6bS7DqTuzrpkluB7boWmw2","America","spotify:artist:450iujbtN6XgiA9pv6fVZz","Razorlight","spotify:album:1AXk7nf6pCqLRrfPVJbZEj","Razorlight","spotify:artist:450iujbtN6XgiA9pv6fVZz","Razorlight","2006-01-01","https://i.scdn.co/image/ab67616d0000b27399fd63802c4710e23e0f25a1","1","4","249760","https://p.scdn.co/mp3-preview/6e52c71d2ffe699c65f87986da9894552529c368?cid=9950ac751e34487dbbe027c4fd7f8e99","false","68","GBUM70601444","spotify:user:sebastianelisapfeifer","2023-10-17T11:45:07Z"
"spotify:track:4e9eGQYsOiBcftrWXwsVco","Aerials","spotify:artist:5eAWCfyUhZtHHtBdNk56l1","System Of A Down","spotify:album:6jWde94ln40epKIQCd8XUh","Toxicity","spotify:artist:5eAWCfyUhZtHHtBdNk56l1","System Of A Down","2001-09-04","https://i.scdn.co/image/ab67616d0000b27307bc7d2a745636c356b4d0aa","1","14","235053","https://p.scdn.co/mp3-preview/2d976be934bee2c82bf34d90e6fad29e197d0d69?cid=9950ac751e34487dbbe027c4fd7f8e99","false","86","USSM10107264","spotify:user:sebastianelisapfeifer","2023-10-30T07:38:34Z"
"spotify:track:1BExV8JprNJLvLeDE9qdEW","It's Been Awhile","spotify:artist:5KDIH2gF0VpelTqyQS7udb","Staind","spotify:album:0HogGfosAvj4tF3GTv2KIE","Break the Cycle","spotify:artist:5KDIH2gF0VpelTqyQS7udb","Staind","2001-08-20","https://i.scdn.co/image/ab67616d0000b27300e9c78a5d11dd6cf8e8f43e","1","4","264706","https://p.scdn.co/mp3-preview/556736a51750be67c6a0f53211efadc248fd9938?cid=9950ac751e34487dbbe027c4fd7f8e99","true","74","USEE10100288","spotify:user:sebastianelisapfeifer","2023-11-10T09:11:49Z"
"spotify:track:0HJRAM7Gt9jXskuXjZeFX3","Holiday / Boulevard of Broken Dreams","spotify:artist:7oPftvlwr6VrsViSDV7fJY","Green Day","spotify:album:5Qhn2FpGWmTjCuntF09j7g","American Idiot (Deluxe)","spotify:artist:7oPftvlwr6VrsViSDV7fJY","Green Day","2004-09-21","https://i.scdn.co/image/ab67616d0000b2739079e678be6b947cc2b3b5c6","1","3","493400","https://p.scdn.co/mp3-preview/8cc4f1c3b6d36c45a9f807231da160015c2714be?cid=9950ac751e34487dbbe027c4fd7f8e99","true","60","USRE10401218","spotify:user:sebastianelisapfeifer","2023-12-12T11:48:47Z"
"spotify:track:0XTE8B23HVSEh9efHROHMo","The Man in the Iron Mask","spotify:artist:5yXAFDZNUNyO92l5WTImkO","Billy Bragg","spotify:album:7McfyVgOfvdfyREan8IHHC","Life's a Riot with Spy vs. Spy","spotify:artist:5yXAFDZNUNyO92l5WTImkO","Billy Bragg","1983","https://i.scdn.co/image/ab67616d0000b27340d2fd4b559245dbccf0ad6b","1","5","133778","https://p.scdn.co/mp3-preview/9122cfba87df540c9ad0b87a325acb27a0cba20d?cid=9950ac751e34487dbbe027c4fd7f8e99","false","27","GBCEJ0300124","spotify:user:sebastianelisapfeifer","2023-12-21T14:18:30Z"
"spotify:track:5dTHtzHFPyi8TlTtzoz1J9","Helena","spotify:artist:7FBcuc1gsnv6Y1nwFtNRCb","My Chemical Romance","spotify:album:3DuiGV3J09SUhvp8gqNx8h","Three Cheers for Sweet Revenge","spotify:artist:7FBcuc1gsnv6Y1nwFtNRCb","My Chemical Romance","2004-06-08","https://i.scdn.co/image/ab67616d0000b273cab7ae4868e9f9ce6bdfdf43","1","1","204733","https://p.scdn.co/mp3-preview/647498327cb13c79d81b76492d63cb71be579eac?cid=9950ac751e34487dbbe027c4fd7f8e99","false","81","USRE10400656","spotify:user:sebastianelisapfeifer","2024-01-18T07:54:52Z"
"spotify:track:3dxiWIBVJRlqh9xk144rf4","Breaking the Habit","spotify:artist:6XyY86QOPPrYVGvF9ch6wz","Linkin Park","spotify:album:0f7R0jf0pcTb6K6IVVPcMD","Meteora (Bonus Edition)","spotify:artist:6XyY86QOPPrYVGvF9ch6wz","Linkin Park","2003-03-25","https://i.scdn.co/image/ab67616d0000b2738b5b6fa1326d996181e71dd7","1","9","196133","https://p.scdn.co/mp3-preview/c2d4c4690b3ac7dc7f8a1fe8d65c3629160f016a?cid=9950ac751e34487dbbe027c4fd7f8e99","false","79","USWB10300470","spotify:user:sebastianelisapfeifer","2024-01-18T07:55:15Z"
"spotify:track:42d6bxB7OQ6f8ct2ihYNBw","Are We the Waiting / St. Jimmy","spotify:artist:7oPftvlwr6VrsViSDV7fJY","Green Day","spotify:album:5Qhn2FpGWmTjCuntF09j7g","American Idiot (Deluxe)","spotify:artist:7oPftvlwr6VrsViSDV7fJY","Green Day","2004-09-21","https://i.scdn.co/image/ab67616d0000b2739079e678be6b947cc2b3b5c6","1","4","338146","https://p.scdn.co/mp3-preview/bab66b833108bf54324850fc9c2c96356cefd29c?cid=9950ac751e34487dbbe027c4fd7f8e99","true","51","USRE10401219","spotify:user:sebastianelisapfeifer","2024-02-06T06:24:43Z"
"spotify:track:41YXZ3medfYHpNpjTXrmAm","Heartland","spotify:artist:4HxBVyHaUa60eCSsJWxwWR","Sisters of Mercy","spotify:album:5fdbQYbqTnCLNTibBdoerT","Some Girls Wander by Mistake","spotify:artist:4HxBVyHaUa60eCSsJWxwWR","Sisters of Mercy","1992-09-01","https://i.scdn.co/image/ab67616d0000b27306ac6ffd2f6f0d15d9c545fd","1","12","284889","https://p.scdn.co/mp3-preview/d6c2efab3e6b066fad51cd8444f1fe94d26c3249?cid=9950ac751e34487dbbe027c4fd7f8e99","false","34","GBAHS1000063","spotify:user:sebastianelisapfeifer","2024-03-27T06:52:21Z"
"spotify:track:3cLU69qc9ceP31WZO3kktl","Раньше в твоих глазах...","spotify:artist:2jkl2xJVm71azWAgZKyf42","Kino","spotify:album:1QMXxxto3lPhJm5Jm7xgPl","Легенда","spotify:artist:2jkl2xJVm71azWAgZKyf42","Kino","2018-04-24","https://i.scdn.co/image/ab67616d0000b27315f8aa72f48fffd344aef4b8","1","58","143000","https://p.scdn.co/mp3-preview/e11bcd634249b3642122024c000b838f1772ce56?cid=9950ac751e34487dbbe027c4fd7f8e99","false","0","RUB421401337","spotify:user:sebastianelisapfeifer","2024-04-15T13:41:20Z"
"spotify:track:7nzMU6ive8Zpv6Puqid46W","Пачка сигарет","spotify:artist:2jkl2xJVm71azWAgZKyf42","Kino","spotify:album:0wpsMlbmTwMN7zr421eMbr","Звезда по имени Солнце","spotify:artist:2jkl2xJVm71azWAgZKyf42","Kino","1989-01-01","https://i.scdn.co/image/ab67616d0000b27394515ed61119b8543431ea89","1","6","266017","https://p.scdn.co/mp3-preview/4815be21dcea98dd5842de7a00d76c5fabbfd00a?cid=9950ac751e34487dbbe027c4fd7f8e99","false","1","RUB421401328","spotify:user:sebastianelisapfeifer","2024-05-03T11:28:14Z"
"spotify:track:6i4Qi1mJxXjqNIL9HfJhRs","Civil War","spotify:artist:3qm84nBOXUEQ2vnTfUTTFC","Guns N' Roses","spotify:album:00eiw4KOJZ7eC3NBEpmH4C","Use Your Illusion II","spotify:artist:3qm84nBOXUEQ2vnTfUTTFC","Guns N' Roses","1991-09-18","https://i.scdn.co/image/ab67616d0000b27392d21aef6c0d288cc4c05973","1","1","462093","https://p.scdn.co/mp3-preview/cad8fe33309ede089e3ecedd4b9edef5930c3360?cid=9950ac751e34487dbbe027c4fd7f8e99","false","73","USGF19142001","spotify:user:sebastianelisapfeifer","2024-08-01T06:07:06Z"
"spotify:track:3Yg8e3mR2wU9fl5fCn1hhB","Wake Me up When September Ends - Live at Milton Keynes National Bowl, Milton Keynes, England, 6/18/05","spotify:artist:7oPftvlwr6VrsViSDV7fJY","Green Day","spotify:album:2lybymL3xuzBGH9vsUnhai","Bullet in a Bible","spotify:artist:7oPftvlwr6VrsViSDV7fJY","Green Day","2005-11-15","https://i.scdn.co/image/ab67616d0000b2733daba7200668b6c8f1819f44","1","11","303386","https://p.scdn.co/mp3-preview/78378a3b1da9da7d1ac30298db258872c9b24ac9?cid=9950ac751e34487dbbe027c4fd7f8e99","false","41","USRE10501348","spotify:user:sebastianelisapfeifer","2024-10-04T04:47:08Z"
"spotify:track:1VU8t2MpJRLG5iFEIxqq7z","Geboren um zu leben","spotify:artist:6f1kv0aUPG9I0Rp3dmLCPi","Unheilig","spotify:album:5s0uk5TWJnDWCIBtkdZ2ku","Grosse Freiheit","spotify:artist:6f1kv0aUPG9I0Rp3dmLCPi","Unheilig","2010-01-01","https://i.scdn.co/image/ab67616d0000b273ae24d3572530bbdacf33be66","1","4","230466","https://p.scdn.co/mp3-preview/f2912df8425aaa4809748fbd56fc8af08adb57f4?cid=9950ac751e34487dbbe027c4fd7f8e99","false","64","DEUM70906014","spotify:user:sebastianelisapfeifer","2024-10-23T06:26:12Z"
